accident_id,0,cause_id,1
-2638,-2638,11,11
24950,24950,15,15
3642,3642,14,14
3,3,14,14
6,6,15,15
7,7,8,8
226,226,3,3
12,12,18,18
13,13,7,7
16,16,15,15
16,16,87,87
17,17,7,7
3923,3923,11,11
34147,34147,3,3
21,21,12,12
22,22,14,14
8948,8948,16,16
24,24,14,14
26,26,15,15
27,27,15,15
3992,3992,13,13
30,30,15,15
18286,18286,6,6
32,32,4,4
3468,3468,10,10
34,34,10,10
34,34,14,14
35,35,15,15
88,88,15,15
3755,3755,12,12
3467,3467,10,10
11399,11399,3,3
39,39,8,8
3707,3707,12,12
3223,3223,3,3
3092,3092,16,16
2745,2745,13,13
8396,8396,4,4
48,48,14,14
12065,12065,86,86
8884,8884,86,86
16848,16848,86,86
52,52,10,10
8874,8874,7,7
55,55,12,12
1,1,8,8
57,57,10,10
2,2,12,12
59,59,7,7
59,59,18,18
5,5,15,15
8,8,4,4
62,62,15,15
9,9,7,7
65,65,12,12
10,10,10,10
67,67,17,17
11,11,18,18
14,14,7,7
69,69,13,13
15,15,86,86
71,71,7,7
72,72,15,15
18,18,6,6
19,19,13,13
23,23,15,15
25,25,7,7
78,78,10,10
28,28,14,14
80,80,87,87
29,29,14,14
82,82,7,7
83,83,15,15
84,84,15,15
31,31,12,12
86,86,14,14
87,87,14,14
89,89,11,11
90,90,10,10
91,91,12,12
33,33,7,7
36,36,4,4
36,36,7,7
95,95,10,10
96,96,4,4
37,37,7,7
98,98,13,13
99,99,14,14
100,100,14,14
37,37,10,10
38,38,4,4
106,106,11,11
38,38,7,7
108,108,11,11
112,112,11,11
41,41,15,15
42,42,11,11
114,114,11,11
115,115,11,11
43,43,17,17
117,117,11,11
50486,50486,11,11
119,119,16,16
120,120,13,13
121,121,11,11
123,123,11,11
124,124,11,11
125,125,11,11
126,126,11,11
127,127,11,11
128,128,11,11
129,129,11,11
130,130,11,11
131,131,11,11
44,44,13,13
46,46,6,6
135,135,11,11
136,136,11,11
138,138,11,11
139,139,11,11
140,140,11,11
141,141,11,11
142,142,11,11
46,46,15,15
144,144,11,11
146,146,13,13
148,148,11,11
47,47,15,15
150,150,11,11
151,151,11,11
152,152,11,11
153,153,11,11
154,154,11,11
49,49,7,7
156,156,11,11
157,157,11,11
158,158,11,11
159,159,11,11
160,160,11,11
161,161,11,11
162,162,8,8
50,50,7,7
164,164,7,7
164,164,10,10
165,165,11,11
166,166,11,11
167,167,11,11
168,168,11,11
169,169,11,11
170,170,11,11
50,50,12,12
172,172,11,11
173,173,11,11
174,174,11,11
175,175,7,7
50,50,87,87
177,177,11,11
178,178,11,11
179,179,11,11
180,180,11,11
181,181,11,11
51,51,86,86
183,183,11,11
53,53,13,13
185,185,11,11
186,186,11,11
187,187,11,11
188,188,11,11
54,54,7,7
190,190,6,6
190,190,15,15
191,191,8,8
192,192,3,3
56,56,7,7
194,194,11,11
195,195,11,11
197,197,11,11
198,198,11,11
199,199,11,11
200,200,11,11
201,201,11,11
202,202,7,7
203,203,11,11
204,204,6,6
205,205,11,11
206,206,11,11
207,207,11,11
208,208,11,11
209,209,11,11
210,210,11,11
212,212,11,11
213,213,11,11
214,214,11,11
9171,9171,11,11
215,215,11,11
216,216,11,11
217,217,11,11
218,218,11,11
16367,16367,86,86
18081,18081,8,8
25168,25168,11,11
222,222,11,11
223,223,11,11
224,224,11,11
225,225,11,11
227,227,86,86
228,228,11,11
21392,21392,11,11
230,230,11,11
231,231,11,11
232,232,11,11
233,233,11,11
234,234,11,11
236,236,11,11
237,237,11,11
58181,58181,13,13
50518,50518,7,7
59476,59476,8,8
25164,25164,13,13
239,239,17,17
240,240,86,86
241,241,11,11
242,242,11,11
243,243,11,11
244,244,11,11
245,245,11,11
246,246,18,18
247,247,11,11
248,248,7,7
249,249,11,11
250,250,11,11
251,251,11,11
252,252,11,11
256,256,12,12
257,257,11,11
259,259,11,11
260,260,11,11
261,261,11,11
262,262,11,11
263,263,11,11
4005,4005,13,13
265,265,11,11
266,266,11,11
267,267,11,11
4009,4009,11,11
269,269,12,12
270,270,11,11
271,271,11,11
3895,3895,18,18
274,274,11,11
275,275,4,4
277,277,11,11
3845,3845,15,15
281,281,11,11
282,282,11,11
283,283,11,11
284,284,11,11
285,285,11,11
286,286,11,11
287,287,11,11
290,290,11,11
291,291,15,15
292,292,11,11
293,293,11,11
294,294,11,11
295,295,11,11
296,296,11,11
297,297,11,11
298,298,11,11
300,300,11,11
301,301,11,11
302,302,11,11
3773,3773,12,12
304,304,11,11
305,305,11,11
306,306,11,11
307,307,11,11
308,308,11,11
309,309,11,11
310,310,11,11
312,312,11,11
313,313,11,11
3306,3306,3,3
3074,3074,86,86
11805,11805,86,86
317,317,11,11
318,318,14,14
319,319,11,11
320,320,11,11
321,321,11,11
322,322,11,11
323,323,11,11
324,324,11,11
325,325,11,11
326,326,14,14
327,327,0,0
328,328,11,11
50560,50560,15,15
330,330,11,11
331,331,11,11
332,332,11,11
333,333,11,11
334,334,11,11
335,335,11,11
336,336,11,11
337,337,15,15
338,338,11,11
14077,14077,86,86
340,340,11,11
341,341,11,11
342,342,11,11
58,58,7,7
60,60,14,14
344,344,11,11
345,345,11,11
346,346,11,11
61,61,7,7
348,348,11,11
349,349,11,11
350,350,10,10
350,350,13,13
353,353,11,11
66,66,12,12
68,68,6,6
355,355,14,14
357,357,11,11
358,358,11,11
68,68,14,14
360,360,11,11
361,361,11,11
362,362,11,11
363,363,11,11
364,364,11,11
365,365,7,7
70,70,8,8
73,73,7,7
104527,104527,86,86
75,75,8,8
77,77,17,17
370,370,15,15
371,371,16,16
79,79,4,4
374,374,3,3
374,374,86,86
92,92,17,17
379,379,16,16
93,93,14,14
381,381,7,7
94,94,7,7
383,383,6,6
383,383,7,7
97,97,8,8
385,385,16,16
386,386,13,13
101,101,14,14
102,102,15,15
389,389,8,8
390,390,14,14
391,391,7,7
109,109,7,7
393,393,7,7
395,395,7,7
396,396,11,11
398,398,7,7
398,398,18,18
399,399,18,18
400,400,7,7
132,132,7,7
143,143,7,7
149,149,11,11
155,155,18,18
406,406,14,14
407,407,4,4
407,407,7,7
408,408,14,14
409,409,7,7
163,163,14,14
176,176,15,15
182,182,14,14
76310,76310,12,12
193,193,14,14
219,219,7,7
220,220,10,10
221,221,7,7
229,229,3,3
424,424,86,86
425,425,13,13
425,425,86,86
426,426,8,8
24982,24982,14,14
428,428,7,7
46712,46712,7,7
431,431,4,4
12273,12273,3,3
436,436,7,7
14075,14075,7,7
441,441,4,4
442,442,10,10
443,443,10,10
443,443,16,16
444,444,10,10
3675,3675,7,7
2317,2317,87,87
447,447,13,13
448,448,3,3
373,373,6,6
452,452,13,13
373,373,14,14
454,454,13,13
455,455,15,15
456,456,11,11
2978,2978,18,18
458,458,17,17
459,459,6,6
462,462,4,4
14136,14136,86,86
238,238,14,14
238,238,86,86
467,467,4,4
103382,103382,7,7
96794,96794,7,7
258,258,12,12
471,471,87,87
264,264,10,10
474,474,7,7
475,475,14,14
272,272,7,7
478,478,16,16
479,479,10,10
481,481,7,7
482,482,7,7
482,482,10,10
96792,96792,13,13
104507,104507,13,13
100004,100004,13,13
93033,93033,3,3
276,276,7,7
279,279,3,3
487,487,0,0
488,488,7,7
288,288,8,8
288,288,86,86
492,492,14,14
289,289,7,7
299,299,86,86
496,496,7,7
498,498,6,6
499,499,12,12
500,500,7,7
501,501,18,18
503,503,15,15
303,303,86,86
8999,8999,4,4
507,507,3,3
509,509,7,7
314,314,17,17
511,511,86,86
512,512,12,12
315,315,13,13
316,316,12,12
339,339,3,3
516,516,10,10
339,339,86,86
518,518,6,6
519,519,7,7
343,343,7,7
521,521,4,4
522,522,7,7
343,343,87,87
347,347,15,15
525,525,6,6
525,525,7,7
526,526,16,16
527,527,7,7
354,354,6,6
531,531,7,7
354,354,87,87
533,533,11,11
50328,50328,6,6
536,536,15,15
537,537,14,14
538,538,4,4
367,367,7,7
368,368,15,15
369,369,15,15
372,372,86,86
377,377,14,14
378,378,7,7
380,380,15,15
546,546,7,7
41781,41781,18,18
548,548,7,7
549,549,15,15
550,550,15,15
551,551,12,12
40372,40372,4,4
382,382,7,7
555,555,10,10
558,558,3,3
50193,50193,7,7
387,387,8,8
561,561,3,3
388,388,8,8
388,388,18,18
397,397,18,18
50135,50135,7,7
62905,62905,3,3
572,572,6,6
573,573,17,17
574,574,6,6
574,574,15,15
402,402,16,16
576,576,4,4
50179,50179,3,3
404,404,16,16
578,578,15,15
50352,50352,86,86
410,410,86,86
581,581,7,7
582,582,14,14
412,412,7,7
414,414,4,4
415,415,7,7
586,586,17,17
416,416,7,7
589,589,10,10
417,417,12,12
591,591,7,7
592,592,10,10
427,427,8,8
429,429,7,7
598,598,4,4
598,598,7,7
599,599,7,7
601,601,13,13
50329,50329,15,15
50392,50392,3,3
50242,50242,3,3
438,438,12,12
50362,50362,3,3
609,609,12,12
440,440,15,15
445,445,15,15
446,446,7,7
614,614,7,7
615,615,12,12
616,616,7,7
617,617,17,17
450,450,6,6
620,620,6,6
457,457,15,15
624,624,7,7
625,625,6,6
625,625,15,15
552,552,11,11
460,460,86,86
628,628,11,11
461,461,13,13
631,631,11,11
50375,50375,13,13
633,633,11,11
55341,55341,10,10
635,635,14,14
636,636,14,14
637,637,11,11
641,641,86,86
595,595,12,12
16494,16494,7,7
649,649,4,4
650,650,7,7
652,652,15,15
787,787,3,3
563,563,7,7
356,356,8,8
659,659,12,12
660,660,16,16
661,661,10,10
662,662,10,10
663,663,8,8
664,664,13,13
3418,3418,13,13
3420,3420,86,86
669,669,15,15
671,671,17,17
8322,8322,7,7
674,674,14,14
563,563,86,86
469,469,12,12
470,470,4,4
678,678,4,4
680,680,4,4
470,470,7,7
473,473,6,6
686,686,8,8
477,477,14,14
688,688,10,10
689,689,10,10
16488,16488,3,3
691,691,12,12
483,483,86,86
694,694,4,4
696,696,12,12
489,489,7,7
50275,50275,13,13
493,493,13,13
701,701,14,14
494,494,13,13
504,504,13,13
704,704,13,13
704,704,18,18
706,706,16,16
707,707,6,6
707,707,13,13
708,708,6,6
40731,40731,11,11
510,510,7,7
513,513,12,12
514,514,12,12
712,712,4,4
713,713,86,86
515,515,18,18
517,517,7,7
520,520,6,6
523,523,16,16
524,524,14,14
529,529,7,7
530,530,86,86
50401,50401,15,15
534,534,14,14
926,926,15,15
723,723,11,11
724,724,12,12
725,725,10,10
41782,41782,6,6
727,727,6,6
728,728,86,86
729,729,10,10
56690,56690,86,86
56690,56690,13,13
50137,50137,7,7
50178,50178,7,7
50164,50164,7,7
50458,50458,12,12
50247,50247,13,13
50414,50414,18,18
50414,50414,86,86
50191,50191,3,3
50524,50524,14,14
58192,58192,14,14
50207,50207,4,4
1051,1051,8,8
85,85,3,3
85,85,10,10
915,915,4,4
535,535,14,14
539,539,15,15
732,732,11,11
540,540,10,10
734,734,15,15
735,735,11,11
736,736,11,11
541,541,4,4
738,738,11,11
739,739,11,11
740,740,11,11
741,741,11,11
742,742,11,11
743,743,11,11
744,744,11,11
745,745,11,11
746,746,11,11
541,541,87,87
542,542,8,8
749,749,6,6
750,750,6,6
751,751,14,14
543,543,14,14
545,545,86,86
41782,41782,86,86
559,559,15,15
756,756,13,13
757,757,13,13
757,757,86,86
560,560,7,7
31965,31965,12,12
564,564,3,3
760,760,6,6
761,761,7,7
565,565,86,86
566,566,3,3
764,764,8,8
567,567,86,86
602,602,14,14
570,570,18,18
575,575,15,15
40463,40463,4,4
774,774,7,7
50471,50471,13,13
776,776,4,4
579,579,8,8
580,580,6,6
584,584,11,11
55666,55666,12,12
588,588,6,6
590,590,7,7
783,783,13,13
593,593,7,7
593,593,87,87
788,788,7,7
40463,40463,7,7
792,792,18,18
793,793,7,7
794,794,4,4
795,795,12,12
597,597,7,7
797,797,7,7
798,798,7,7
799,799,11,11
800,800,7,7
41511,41511,3,3
603,603,6,6
802,802,7,7
603,603,86,86
605,605,8,8
606,606,6,6
607,607,13,13
607,607,86,86
612,612,7,7
612,612,12,12
813,813,86,86
100627,100627,3,3
816,816,6,6
619,619,12,12
818,818,8,8
819,819,12,12
820,820,15,15
821,821,15,15
822,822,12,12
34385,34385,12,12
621,621,86,86
627,627,4,4
630,630,15,15
632,632,7,7
830,830,7,7
831,831,0,0
837,837,86,86
646,646,4,4
841,841,7,7
843,843,17,17
847,847,15,15
848,848,7,7
850,850,11,11
851,851,7,7
852,852,18,18
852,852,86,86
657,657,86,86
666,666,13,13
859,859,86,86
860,860,13,13
861,861,7,7
667,667,6,6
863,863,7,7
865,865,12,12
9079,9079,87,87
103,103,4,4
27067,27067,14,14
12063,12063,87,87
872,872,7,7
873,873,86,86
9848,9848,13,13
668,668,10,10
876,876,7,7
877,877,16,16
670,670,10,10
879,879,16,16
881,881,13,13
672,672,86,86
883,883,86,86
884,884,14,14
886,886,14,14
889,889,15,15
891,891,7,7
894,894,0,0
895,895,16,16
896,896,14,14
900,900,16,16
683,683,8,8
902,902,12,12
684,684,12,12
685,685,12,12
687,687,86,86
906,906,7,7
690,690,7,7
908,908,86,86
909,909,11,11
692,692,18,18
693,693,10,10
695,695,15,15
916,916,14,14
916,916,86,86
917,917,10,10
918,918,86,86
700,700,13,13
922,922,15,15
702,702,14,14
703,703,15,15
710,710,12,12
715,715,13,13
933,933,12,12
715,715,86,86
718,718,7,7
718,718,12,12
719,719,7,7
939,939,87,87
720,720,18,18
721,721,7,7
942,942,86,86
730,730,8,8
944,944,12,12
731,731,11,11
733,733,15,15
947,947,13,13
948,948,11,11
747,747,15,15
954,954,15,15
955,955,14,14
100627,100627,86,86
754,754,7,7
755,755,4,4
960,960,86,86
758,758,6,6
758,758,13,13
556,556,3,3
1003,1003,10,10
967,967,11,11
765,765,14,14
768,768,86,86
771,771,14,14
973,973,7,7
777,777,14,14
778,778,17,17
976,976,11,11
779,779,7,7
780,780,15,15
784,784,7,7
785,785,7,7
986,986,11,11
988,988,7,7
786,786,7,7
991,991,3,3
34246,34246,13,13
41785,41785,86,86
41785,41785,13,13
996,996,17,17
997,997,12,12
35849,35849,18,18
33117,33117,7,7
1002,1002,11,11
804,804,4,4
804,804,18,18
805,805,86,86
1006,1006,18,18
1007,1007,11,11
35892,35892,7,7
1012,1012,11,11
1013,1013,10,10
1014,1014,14,14
810,810,16,16
1017,1017,86,86
27066,27066,3,3
1019,1019,11,11
1021,1021,11,11
1022,1022,15,15
812,812,86,86
814,814,7,7
1025,1025,15,15
1026,1026,15,15
815,815,86,86
817,817,6,6
1033,1033,7,7
27066,27066,86,86
825,825,7,7
76275,76275,12,12
834,834,7,7
835,835,12,12
1047,1047,10,10
1048,1048,4,4
836,836,18,18
34253,34253,7,7
839,839,15,15
34029,34029,7,7
1053,1053,14,14
1054,1054,11,11
1056,1056,3,3
1057,1057,4,4
849,849,7,7
853,853,86,86
1063,1063,11,11
1065,1065,13,13
866,866,7,7
1067,1067,11,11
1068,1068,11,11
868,868,86,86
1071,1071,18,18
1072,1072,14,14
1073,1073,7,7
951,951,4,4
869,869,7,7
1076,1076,13,13
871,871,16,16
874,874,14,14
875,875,15,15
878,878,12,12
882,882,10,10
951,951,7,7
1083,1083,18,18
1084,1084,3,3
890,890,13,13
899,899,86,86
1088,1088,12,12
1089,1089,10,10
1090,1090,13,13
901,901,7,7
907,907,7,7
2514,2514,13,13
1101,1101,86,86
196,196,7,7
1106,1106,4,4
1108,1108,10,10
1110,1110,15,15
1112,1112,8,8
1113,1113,18,18
8029,8029,11,11
10799,10799,4,4
1120,1120,11,11
16365,16365,13,13
1122,1122,4,4
1123,1123,14,14
1124,1124,15,15
1126,1126,17,17
1127,1127,3,3
1128,1128,11,11
1130,1130,7,7
910,910,7,7
1133,1133,11,11
1135,1135,15,15
912,912,8,8
913,913,8,8
914,914,86,86
1143,1143,8,8
921,921,18,18
104,104,8,8
1152,1152,12,12
1153,1153,15,15
1156,1156,7,7
1157,1157,11,11
1158,1158,11,11
1161,1161,11,11
924,924,7,7
14278,14278,86,86
1166,1166,11,11
1169,1169,11,11
1170,1170,11,11
1171,1171,7,7
1175,1175,11,11
1176,1176,11,11
1177,1177,11,11
1178,1178,11,11
1179,1179,11,11
1180,1180,11,11
1524,1524,11,11
1753,1753,11,11
1756,1756,14,14
1759,1759,11,11
2004,2004,11,11
2006,2006,11,11
2008,2008,11,11
929,929,8,8
2020,2020,11,11
934,934,6,6
2032,2032,11,11
937,937,14,14
2049,2049,13,13
2054,2054,12,12
941,941,8,8
2073,2073,15,15
2081,2081,11,11
2085,2085,11,11
943,943,86,86
946,946,10,10
946,946,15,15
2111,2111,11,11
2113,2113,7,7
2127,2127,11,11
2131,2131,11,11
950,950,8,8
2135,2135,11,11
952,952,10,10
958,958,6,6
959,959,7,7
2152,2152,17,17
962,962,12,12
2178,2178,4,4
963,963,86,86
964,964,10,10
2197,2197,11,11
965,965,8,8
35878,35878,18,18
966,966,18,18
968,968,12,12
2216,2216,11,11
969,969,86,86
2222,2222,11,11
2224,2224,14,14
2259,2259,11,11
970,970,7,7
2263,2263,11,11
81834,81834,4,4
2271,2271,6,6
2271,2271,13,13
2273,2273,11,11
2278,2278,11,11
974,974,12,12
2283,2283,11,11
2289,2289,11,11
2291,2291,11,11
604,604,6,6
2298,2298,11,11
975,975,15,15
2311,2311,86,86
2313,2313,11,11
2315,2315,3,3
2315,2315,86,86
978,978,12,12
2319,2319,11,11
979,979,8,8
41787,41787,13,13
2326,2326,11,11
980,980,7,7
2335,2335,11,11
2339,2339,3,3
982,982,8,8
983,983,14,14
2353,2353,11,11
33420,33420,86,86
3624,3624,10,10
2357,2357,18,18
2359,2359,86,86
984,984,12,12
2363,2363,86,86
994,994,17,17
995,995,15,15
999,999,7,7
2388,2388,18,18
2398,2398,3,3
2423,2423,86,86
1005,1005,15,15
2438,2438,14,14
2446,2446,13,13
2453,2453,17,17
2460,2460,11,11
2462,2462,4,4
1009,1009,6,6
1016,1016,10,10
2467,2467,13,13
2467,2467,86,86
1018,1018,10,10
2472,2472,6,6
2474,2474,11,11
1023,1023,6,6
2490,2490,15,15
2502,2502,86,86
2504,2504,7,7
2506,2506,12,12
84755,84755,13,13
50490,50490,18,18
89131,89131,86,86
85152,85152,7,7
82311,82311,86,86
25821,25821,15,15
1036,1036,4,4
2540,2540,10,10
3834,3834,18,18
1038,1038,11,11
2570,2570,11,11
2572,2572,15,15
2602,2602,11,11
2604,2604,11,11
2606,2606,86,86
1039,1039,10,10
2611,2611,3,3
2616,2616,11,11
2618,2618,8,8
2618,2618,13,13
1042,1042,11,11
2622,2622,11,11
2624,2624,7,7
37291,37291,8,8
2628,2628,11,11
35500,35500,86,86
2646,2646,7,7
2657,2657,15,15
2662,2662,4,4
2662,2662,7,7
2667,2667,6,6
2675,2675,11,11
2374,2374,16,16
867,867,3,3
2682,2682,6,6
2687,2687,11,11
2689,2689,13,13
2691,2691,7,7
2693,2693,11,11
2696,2696,0,0
2701,2701,7,7
2712,2712,11,11
2714,2714,6,6
2716,2716,3,3
2718,2718,15,15
2723,2723,10,10
2725,2725,7,7
2727,2727,11,11
107,107,3,3
14137,14137,8,8
2737,2737,11,11
1050,1050,14,14
2741,2741,11,11
90877,90877,86,86
2747,2747,11,11
2749,2749,13,13
2749,2749,86,86
1055,1055,12,12
2757,2757,18,18
2773,2773,11,11
1061,1061,13,13
2785,2785,7,7
2794,2794,11,11
2798,2798,7,7
2817,2817,11,11
2819,2819,11,11
1062,1062,4,4
2834,2834,4,4
2835,2835,11,11
2839,2839,7,7
1064,1064,86,86
1066,1066,12,12
2859,2859,11,11
2878,2878,11,11
2880,2880,11,11
2885,2885,10,10
2893,2893,10,10
2895,2895,11,11
2897,2897,86,86
2901,2901,16,16
2907,2907,10,10
2914,2914,13,13
2916,2916,86,86
2918,2918,13,13
2922,2922,18,18
2924,2924,11,11
1079,1079,7,7
1080,1080,13,13
2930,2930,12,12
2933,2933,11,11
2935,2935,11,11
1086,1086,13,13
2947,2947,8,8
2951,2951,12,12
2953,2953,86,86
1087,1087,6,6
2957,2957,13,13
2959,2959,0,0
1091,1091,14,14
1092,1092,11,11
1093,1093,14,14
3033,3033,11,11
3035,3035,11,11
3040,3040,13,13
3044,3044,11,11
3047,3047,11,11
1096,1096,4,4
3059,3059,4,4
3066,3066,10,10
1097,1097,3,3
3075,3075,14,14
1100,1100,4,4
3077,3077,7,7
1100,1100,7,7
3081,3081,14,14
3082,3082,4,4
3085,3085,14,14
3086,3086,14,14
99173,99173,15,15
1116,1116,4,4
104425,104425,86,86
3093,3093,4,4
3093,3093,13,13
103753,103753,86,86
1137,1137,10,10
1137,1137,11,11
3099,3099,4,4
3099,3099,7,7
1139,1139,6,6
3101,3101,14,14
3103,3103,14,14
3105,3105,14,14
3108,3108,14,14
1146,1146,10,10
1149,1149,10,10
3111,3111,12,12
596,596,7,7
1162,1162,15,15
171,171,8,8
3116,3116,15,15
3117,3117,15,15
3118,3118,14,14
3119,3119,16,16
49370,49370,13,13
3122,3122,14,14
3123,3123,14,14
3124,3124,4,4
3126,3126,17,17
1164,1164,4,4
3133,3133,7,7
41788,41788,7,7
1167,1167,12,12
3136,3136,14,14
3137,3137,7,7
3141,3141,8,8
3142,3142,7,7
3144,3144,14,14
3145,3145,14,14
3146,3146,14,14
34254,34254,3,3
3151,3151,14,14
3152,3152,14,14
3153,3153,13,13
3159,3159,14,14
3160,3160,3,3
3160,3160,86,86
3162,3162,14,14
2034,2034,8,8
3164,3164,13,13
3165,3165,14,14
3166,3166,14,14
3167,3167,14,14
3168,3168,14,14
3169,3169,14,14
3170,3170,14,14
38181,38181,86,86
3172,3172,13,13
2045,2045,7,7
3174,3174,14,14
3175,3175,14,14
3176,3176,14,14
3177,3177,14,14
3178,3178,13,13
3179,3179,14,14
3180,3180,14,14
3181,3181,14,14
2047,2047,7,7
3184,3184,14,14
3185,3185,14,14
3188,3188,14,14
3189,3189,14,14
3190,3190,14,14
3192,3192,14,14
3193,3193,14,14
3195,3195,14,14
3196,3196,14,14
3197,3197,14,14
3198,3198,14,14
3199,3199,14,14
3200,3200,14,14
3202,3202,14,14
3203,3203,7,7
3204,3204,14,14
2087,2087,12,12
3207,3207,14,14
2104,2104,10,10
2106,2106,86,86
3210,3210,14,14
3211,3211,14,14
3212,3212,14,14
3214,3214,4,4
3215,3215,14,14
8139,8139,10,10
3220,3220,14,14
2390,2390,7,7
3225,3225,15,15
3226,3226,14,14
3227,3227,14,14
3228,3228,14,14
3229,3229,14,14
3230,3230,14,14
3232,3232,14,14
3234,3234,14,14
3235,3235,14,14
3237,3237,14,14
94248,94248,8,8
98091,98091,11,11
98333,98333,10,10
101770,101770,6,6
3239,3239,14,14
3240,3240,14,14
3241,3241,14,14
3242,3242,14,14
3243,3243,14,14
3244,3244,14,14
3245,3245,14,14
3246,3246,14,14
3247,3247,14,14
3248,3248,14,14
3249,3249,14,14
3250,3250,14,14
3251,3251,14,14
3253,3253,14,14
3254,3254,14,14
3255,3255,6,6
3255,3255,86,86
3256,3256,13,13
3259,3259,8,8
3259,3259,10,10
3260,3260,86,86
3261,3261,18,18
3261,3261,86,86
3262,3262,4,4
3262,3262,87,87
3263,3263,12,12
3266,3266,14,14
3267,3267,14,14
3268,3268,14,14
3269,3269,14,14
3270,3270,14,14
3271,3271,14,14
3273,3273,14,14
3274,3274,14,14
3275,3275,11,11
3276,3276,6,6
3277,3277,14,14
3278,3278,14,14
3279,3279,14,14
3280,3280,14,14
3281,3281,14,14
3282,3282,14,14
3283,3283,14,14
3284,3284,14,14
3285,3285,14,14
3286,3286,14,14
3287,3287,14,14
3288,3288,14,14
3289,3289,14,14
3290,3290,14,14
3291,3291,14,14
3292,3292,14,14
2129,2129,7,7
3298,3298,7,7
3300,3300,14,14
3301,3301,11,11
3302,3302,10,10
3303,3303,14,14
3304,3304,14,14
2139,2139,13,13
2141,2141,4,4
3307,3307,3,3
3307,3307,87,87
2145,2145,86,86
2147,2147,86,86
3313,3313,15,15
3314,3314,14,14
2183,2183,15,15
3317,3317,86,86
3318,3318,14,14
2195,2195,14,14
3320,3320,10,10
3321,3321,11,11
3323,3323,13,13
3324,3324,16,16
2209,2209,10,10
2218,2218,13,13
3330,3330,14,14
3331,3331,14,14
3332,3332,14,14
3337,3337,4,4
3338,3338,7,7
3339,3339,14,14
3341,3341,8,8
3342,3342,7,7
2275,2275,7,7
3345,3345,7,7
3346,3346,7,7
2281,2281,13,13
2321,2321,7,7
3353,3353,16,16
3354,3354,0,0
2331,2331,7,7
2344,2344,7,7
2361,2361,86,86
3358,3358,86,86
3362,3362,14,14
2366,2366,11,11
3364,3364,10,10
3365,3365,14,14
2384,2384,14,14
3368,3368,14,14
3369,3369,8,8
2427,2427,7,7
3373,3373,6,6
3373,3373,86,86
3374,3374,14,14
3375,3375,12,12
3378,3378,15,15
3379,3379,14,14
3384,3384,0,0
3385,3385,14,14
3387,3387,14,14
3388,3388,7,7
3392,3392,86,86
2458,2458,14,14
2464,2464,13,13
3395,3395,12,12
3396,3396,12,12
3397,3397,13,13
3397,3397,86,86
3398,3398,86,86
2465,2465,11,11
3401,3401,11,11
2470,2470,6,6
3403,3403,16,16
3405,3405,14,14
3406,3406,14,14
2475,2475,86,86
3409,3409,14,14
3412,3412,8,8
3413,3413,14,14
3414,3414,3,3
3415,3415,12,12
3417,3417,4,4
1045,1045,7,7
2526,2526,11,11
2530,2530,3,3
3421,3421,6,6
3427,3427,12,12
3429,3429,12,12
2543,2543,16,16
3431,3431,4,4
3431,3431,86,86
2568,2568,10,10
3438,3438,14,14
2620,2620,14,14
3442,3442,14,14
3443,3443,4,4
2627,2627,8,8
2638,2638,10,10
2672,2672,86,86
2678,2678,11,11
3454,3454,7,7
3455,3455,7,7
2680,2680,13,13
2694,2694,7,7
3459,3459,14,14
2697,2697,86,86
2710,2710,14,14
2720,2720,10,10
3464,3464,4,4
3466,3466,14,14
2729,2729,7,7
2731,2731,11,11
3469,3469,7,7
3471,3471,7,7
3474,3474,7,7
3476,3476,10,10
2733,2733,7,7
3479,3479,7,7
3480,3480,14,14
3482,3482,14,14
3483,3483,14,14
2733,2733,86,86
3487,3487,7,7
3489,3489,14,14
2739,2739,11,11
3492,3492,8,8
3494,3494,14,14
3495,3495,7,7
3496,3496,86,86
3498,3498,7,7
938,938,15,15
3501,3501,14,14
3503,3503,16,16
18033,18033,11,11
3508,3508,7,7
2743,2743,7,7
3510,3510,7,7
2751,2751,14,14
34956,34956,12,12
2753,2753,7,7
2755,2755,7,7
3514,3514,14,14
2759,2759,7,7
2783,2783,7,7
2831,2831,86,86
2848,2848,7,7
2855,2855,3,3
2876,2876,4,4
2887,2887,18,18
2912,2912,7,7
2926,2926,16,16
2928,2928,7,7
2937,2937,12,12
3532,3532,3,3
2943,2943,4,4
3534,3534,86,86
2955,2955,13,13
2976,2976,7,7
3006,3006,7,7
3538,3538,14,14
3013,3013,15,15
3541,3541,14,14
3543,3543,18,18
3045,3045,86,86
3057,3057,12,12
3546,3546,12,12
3547,3547,3,3
3076,3076,7,7
3080,3080,7,7
94737,94737,86,86
3087,3087,4,4
3551,3551,86,86
3088,3088,10,10
3090,3090,13,13
3091,3091,86,86
3094,3094,3,3
3096,3096,3,3
3556,3556,4,4
3556,3556,7,7
3096,3096,86,86
3562,3562,14,14
3563,3563,14,14
3098,3098,13,13
3100,3100,13,13
3566,3566,16,16
3567,3567,14,14
3109,3109,3,3
3110,3110,3,3
3572,3572,14,14
3573,3573,14,14
3574,3574,7,7
3575,3575,14,14
3112,3112,86,86
3577,3577,12,12
3578,3578,4,4
3113,3113,11,11
3115,3115,86,86
3580,3580,14,14
3128,3128,3,3
3584,3584,10,10
3586,3586,7,7
3140,3140,86,86
3588,3588,16,16
3589,3589,14,14
3148,3148,18,18
3594,3594,14,14
3595,3595,7,7
3596,3596,14,14
3598,3598,14,14
3149,3149,7,7
3150,3150,3,3
3605,3605,6,6
3605,3605,86,86
3163,3163,7,7
3607,3607,14,14
3171,3171,86,86
3610,3610,15,15
3610,3610,87,87
3613,3613,14,14
3614,3614,86,86
3173,3173,10,10
3617,3617,14,14
3182,3182,7,7
3183,3183,10,10
3621,3621,7,7
3622,3622,7,7
3622,3622,18,18
3623,3623,14,14
3186,3186,86,86
3626,3626,14,14
3205,3205,7,7
3629,3629,15,15
3630,3630,10,10
3208,3208,13,13
3632,3632,11,11
3635,3635,14,14
3636,3636,14,14
3637,3637,12,12
3208,3208,86,86
3217,3217,18,18
3644,3644,14,14
3218,3218,12,12
3222,3222,7,7
3222,3222,18,18
3649,3649,18,18
3650,3650,13,13
3651,3651,14,14
3652,3652,14,14
3224,3224,86,86
3257,3257,4,4
3258,3258,4,4
3656,3656,86,86
3265,3265,3,3
3294,3294,4,4
3660,3660,12,12
3297,3297,7,7
3667,3667,14,14
3305,3305,18,18
3308,3308,11,11
3309,3309,86,86
3315,3315,3,3
3316,3316,11,11
3319,3319,7,7
3322,3322,7,7
3325,3325,3,3
3326,3326,18,18
3327,3327,16,16
3679,3679,14,14
3680,3680,6,6
3681,3681,14,14
3340,3340,13,13
3685,3685,14,14
3348,3348,6,6
3350,3350,4,4
3690,3690,14,14
3355,3355,10,10
3356,3356,7,7
3357,3357,3,3
3357,3357,86,86
3363,3363,8,8
3698,3698,7,7
3699,3699,4,4
3363,3363,86,86
3702,3702,14,14
3703,3703,10,10
3370,3370,12,12
956,956,18,18
3706,3706,14,14
3390,3390,6,6
3708,3708,10,10
3709,3709,14,14
3713,3713,14,14
3715,3715,3,3
3718,3718,14,14
3393,3393,7,7
3394,3394,17,17
3400,3400,7,7
3724,3724,17,17
3725,3725,14,14
3728,3728,7,7
3731,3731,13,13
3416,3416,86,86
3733,3733,15,15
3419,3419,7,7
3735,3735,7,7
3430,3430,12,12
3737,3737,15,15
3738,3738,86,86
3436,3436,11,11
3437,3437,10,10
3441,3441,11,11
3742,3742,11,11
3449,3449,11,11
3745,3745,14,14
3746,3746,18,18
3747,3747,11,11
3749,3749,14,14
3750,3750,8,8
1044,1044,7,7
622,622,4,4
3753,3753,86,86
3754,3754,0,0
3452,3452,4,4
3453,3453,86,86
3456,3456,7,7
3457,3457,13,13
3760,3760,14,14
3761,3761,14,14
3460,3460,86,86
3764,3764,14,14
3461,3461,86,86
3766,3766,86,86
3767,3767,7,7
3462,3462,86,86
3769,3769,12,12
3769,3769,86,86
3477,3477,4,4
3771,3771,7,7
3772,3772,7,7
37436,37436,86,86
35826,35826,11,11
10794,10794,86,86
3793,3793,7,7
3794,3794,7,7
3794,3794,8,8
3485,3485,4,4
3486,3486,8,8
3797,3797,11,11
3490,3490,13,13
40076,40076,11,11
3493,3493,7,7
3805,3805,13,13
3499,3499,7,7
11893,11893,7,7
3810,3810,14,14
3811,3811,10,10
3502,3502,3,3
3504,3504,7,7
3505,3505,13,13
3815,3815,6,6
11893,11893,18,18
3817,3817,11,11
3818,3818,86,86
3819,3819,7,7
101136,101136,86,86
3506,3506,7,7
3507,3507,7,7
3509,3509,4,4
3511,3511,11,11
3513,3513,7,7
3826,3826,10,10
3513,3513,87,87
3516,3516,4,4
3517,3517,13,13
3829,3829,10,10
3518,3518,3,3
3519,3519,10,10
3835,3835,14,14
3520,3520,3,3
3520,3520,86,86
3522,3522,87,87
3840,3840,86,86
3841,3841,7,7
3842,3842,11,11
3525,3525,13,13
3844,3844,11,11
3526,3526,7,7
3848,3848,7,7
3849,3849,7,7
3527,3527,10,10
3528,3528,7,7
3852,3852,14,14
3853,3853,4,4
3529,3529,14,14
3855,3855,14,14
3856,3856,13,13
3857,3857,4,4
3860,3860,7,7
3861,3861,3,3
3863,3863,13,13
3864,3864,7,7
3865,3865,3,3
3533,3533,11,11
3535,3535,7,7
3536,3536,7,7
3537,3537,12,12
3871,3871,14,14
3873,3873,14,14
3540,3540,13,13
3544,3544,3,3
3548,3548,86,86
3549,3549,86,86
3550,3550,86,86
3880,3880,14,14
3881,3881,14,14
3882,3882,86,86
3552,3552,16,16
3553,3553,10,10
3554,3554,86,86
3887,3887,11,11
3888,3888,4,4
3888,3888,7,7
3891,3891,13,13
3555,3555,13,13
3555,3555,86,86
3557,3557,3,3
3564,3564,86,86
3565,3565,7,7
3898,3898,11,11
3568,3568,6,6
3569,3569,7,7
3903,3903,14,14
3904,3904,6,6
3905,3905,14,14
3579,3579,4,4
3908,3908,18,18
3910,3910,14,14
3579,3579,10,10
3581,3581,12,12
3582,3582,10,10
3583,3583,7,7
3585,3585,13,13
3587,3587,14,14
3922,3922,6,6
3590,3590,18,18
3924,3924,14,14
3602,3602,7,7
3926,3926,14,14
3604,3604,11,11
3929,3929,12,12
8321,8321,14,14
3606,3606,11,11
3934,3934,7,7
3935,3935,7,7
3609,3609,7,7
3937,3937,4,4
3937,3937,12,12
3615,3615,86,86
3942,3942,7,7
3944,3944,14,14
3945,3945,7,7
3946,3946,7,7
3947,3947,14,14
3618,3618,86,86
3950,3950,14,14
3951,3951,14,14
3952,3952,7,7
3953,3953,14,14
3619,3619,86,86
3956,3956,14,14
3957,3957,14,14
3959,3959,7,7
3960,3960,6,6
3627,3627,86,86
3631,3631,13,13
3639,3639,12,12
3645,3645,13,13
3647,3647,7,7
3653,3653,11,11
3655,3655,12,12
3657,3657,86,86
3658,3658,13,13
3975,3975,13,13
3662,3662,7,7
3978,3978,7,7
3979,3979,4,4
3980,3980,14,14
3669,3669,6,6
3669,3669,12,12
3984,3984,86,86
3670,3670,7,7
3986,3986,7,7
3671,3671,14,14
3988,3988,14,14
3672,3672,7,7
3673,3673,14,14
3993,3993,14,14
3674,3674,11,11
3996,3996,86,86
3676,3676,7,7
31001,31001,86,86
3998,3998,14,14
3677,3677,7,7
3678,3678,12,12
4001,4001,12,12
4002,4002,13,13
557,557,7,7
3687,3687,15,15
4008,4008,14,14
4013,4013,7,7
4014,4014,11,11
3689,3689,15,15
4017,4017,14,14
3691,3691,4,4
4020,4020,86,86
3692,3692,14,14
3693,3693,4,4
4026,4026,86,86
3545,3545,4,4
3693,3693,8,8
4030,4030,4,4
3695,3695,17,17
3696,3696,12,12
3700,3700,6,6
3700,3700,12,12
3705,3705,13,13
3705,3705,86,86
3719,3719,10,10
39765,39765,3,3
3720,3720,13,13
3722,3722,7,7
3730,3730,6,6
4044,4044,7,7
3732,3732,7,7
3734,3734,11,11
1043,1043,16,16
3739,3739,11,11
4054,4054,10,10
4058,4058,86,86
4059,4059,13,13
9187,9187,87,87
4060,4060,6,6
4060,4060,86,86
4061,4061,10,10
4063,4063,4,4
4064,4064,7,7
4066,4066,10,10
18758,18758,11,11
14074,14074,18,18
3740,3740,13,13
3741,3741,3,3
3743,3743,12,12
4075,4075,86,86
4076,4076,16,16
3751,3751,14,14
4078,4078,7,7
3757,3757,7,7
3758,3758,15,15
3759,3759,18,18
3763,3763,3,3
3765,3765,11,11
4084,4084,7,7
4085,4085,14,14
3768,3768,13,13
4087,4087,11,11
3770,3770,12,12
3774,3774,3,3
3786,3786,86,86
4094,4094,3,3
4094,4094,86,86
4095,4095,14,14
3787,3787,4,4
4260,4260,6,6
4281,4281,6,6
4282,4282,7,7
4283,4283,6,6
4345,4345,12,12
3788,3788,15,15
4375,4375,8,8
3792,3792,7,7
3795,3795,16,16
3796,3796,7,7
95406,95406,3,3
4381,4381,16,16
4382,4382,87,87
4383,4383,86,86
3803,3803,11,11
3804,3804,13,13
3806,3806,6,6
3806,3806,86,86
4412,4412,7,7
4413,4413,15,15
476,476,6,6
4417,4417,7,7
4418,4418,7,7
3813,3813,3,3
9559,9559,10,10
4508,4508,6,6
737,737,14,14
3814,3814,15,15
3816,3816,11,11
3748,3748,18,18
3821,3821,8,8
4082,4082,7,7
3822,3822,11,11
3823,3823,16,16
3827,3827,13,13
3827,3827,86,86
3828,3828,86,86
3830,3830,7,7
3837,3837,13,13
476,476,7,7
3838,3838,7,7
3839,3839,7,7
3843,3843,18,18
3850,3850,10,10
3851,3851,10,10
3854,3854,6,6
10498,10498,14,14
3862,3862,15,15
3866,3866,7,7
3867,3867,3,3
3868,3868,86,86
10573,10573,18,18
3869,3869,7,7
3870,3870,7,7
4071,4071,18,18
3407,3407,86,86
3874,3874,7,7
3875,3875,7,7
870,870,14,14
3875,3875,11,11
3877,3877,11,11
2265,2265,3,3
3883,3883,7,7
3931,3931,14,14
3886,3886,13,13
3892,3892,11,11
505,505,6,6
3893,3893,13,13
3894,3894,86,86
3896,3896,7,7
10865,10865,10,10
3900,3900,15,15
3900,3900,86,86
3907,3907,4,4
3913,3913,14,14
3914,3914,11,11
3917,3917,11,11
3918,3918,13,13
3919,3919,12,12
3920,3920,16,16
3925,3925,13,13
3928,3928,87,87
134,134,86,86
8327,8327,11,11
8463,8463,7,7
8328,8328,16,16
8329,8329,13,13
8521,8521,11,11
3933,3933,14,14
3936,3936,12,12
3938,3938,7,7
3948,3948,18,18
3954,3954,8,8
3958,3958,11,11
3961,3961,7,7
3962,3962,7,7
8446,8446,18,18
3963,3963,86,86
3964,3964,7,7
3965,3965,7,7
3967,3967,11,11
3968,3968,3,3
104790,104790,86,86
3969,3969,7,7
3970,3970,86,86
35471,35471,86,86
3974,3974,18,18
3977,3977,7,7
3981,3981,13,13
3983,3983,11,11
3985,3985,18,18
3987,3987,7,7
3990,3990,7,7
3994,3994,7,7
3997,3997,18,18
3999,3999,11,11
4000,4000,11,11
12028,12028,86,86
4004,4004,4,4
4004,4004,7,7
4007,4007,7,7
4016,4016,12,12
4019,4019,7,7
9829,9829,4,4
4021,4021,10,10
4029,4029,7,7
359,359,7,7
4031,4031,10,10
9551,9551,7,7
9551,9551,18,18
10574,10574,7,7
10574,10574,18,18
8935,8935,13,13
4032,4032,10,10
4033,4033,7,7
10497,10497,7,7
4037,4037,6,6
4037,4037,86,86
4039,4039,7,7
33988,33988,7,7
4040,4040,11,11
4041,4041,86,86
600,600,12,12
4050,4050,7,7
4052,4052,7,7
4053,4053,13,13
4057,4057,7,7
4068,4068,16,16
4069,4069,6,6
4069,4069,12,12
4070,4070,7,7
4072,4072,6,6
4072,4072,87,87
4073,4073,4,4
4073,4073,7,7
4077,4077,86,86
4080,4080,7,7
4083,4083,3,3
4083,4083,87,87
4086,4086,16,16
4088,4088,3,3
4093,4093,4,4
4093,4093,86,86
4096,4096,7,7
4376,4376,11,11
4377,4377,12,12
4378,4378,15,15
4379,4379,8,8
4380,4380,86,86
104790,104790,14,14
4396,4396,17,17
3628,3628,7,7
14076,14076,10,10
11395,11395,4,4
11395,11395,7,7
23217,23217,86,86
16191,16191,86,86
33915,33915,15,15
14298,14298,13,13
21878,21878,11,11
3423,3423,3,3
30638,30638,13,13
37855,37855,15,15
23659,23659,11,11
16516,16516,3,3
24878,24878,3,3
10033,10033,3,3
9076,9076,3,3
9076,9076,86,86
8887,8887,3,3
8729,8729,3,3
10664,10664,3,3
4062,4062,3,3
4023,4023,3,3
10733,10733,3,3
10733,10733,86,86
4389,4389,3,3
3966,3966,3,3
3927,3927,3,3
3885,3885,3,3
3831,3831,3,3
4034,4034,3,3
3824,3824,3,3
3736,3736,3,3
3530,3530,3,3
3521,3521,3,3
3426,3426,3,3
3402,3402,3,3
3359,3359,3,3
3139,3139,3,3
3139,3139,86,86
3328,3328,3,3
3360,3360,3,3
3360,3360,86,86
4387,4387,3,3
2608,2608,3,3
2735,2735,3,3
2941,2941,3,3
2909,2909,3,3
2899,2899,86,86
1085,1085,3,3
1069,1069,3,3
1075,1075,3,3
1172,1172,3,3
1172,1172,86,86
2350,2350,3,3
2372,2372,3,3
803,803,3,3
803,803,86,86
763,763,3,3
911,911,3,3
911,911,87,87
888,888,3,3
925,925,3,3
925,925,86,86
833,833,3,3
828,828,3,3
673,673,3,3
676,676,3,3
932,932,3,3
782,782,4,4
2370,2370,3,3
766,766,3,3
485,485,3,3
480,480,3,3
508,508,3,3
490,490,3,3
644,644,3,3
562,562,3,3
594,594,3,3
113,113,3,3
113,113,6,6
618,618,3,3
422,422,3,3
422,422,86,86
420,420,3,3
419,419,3,3
421,421,3,3
1129,1129,3,3
423,423,3,3
423,423,86,86
961,961,3,3
961,961,86,86
463,463,3,3
453,453,3,3
468,468,3,3
105,105,3,3
278,278,3,3
147,147,3,3
110,110,3,3
273,273,3,3
20,20,6,6
268,268,3,3
268,268,6,6
26228,26228,11,11
26229,26229,13,13
33988,33988,86,86
29357,29357,13,13
13165,13165,6,6
27104,27104,18,18
33785,33785,11,11
31163,31163,15,15
31180,31180,13,13
33108,33108,86,86
33971,33971,15,15
36049,36049,18,18
31168,31168,14,14
29524,29524,86,86
27534,27534,4,4
24756,24756,7,7
29252,29252,4,4
29647,29647,12,12
35655,35655,13,13
27512,27512,4,4
36668,36668,7,7
64,64,15,15
31330,31330,11,11
28332,28332,86,86
2355,2355,3,3
2355,2355,86,86
28867,28867,3,3
33545,33545,15,15
31430,31430,18,18
11896,11896,4,4
11896,11896,86,86
29943,29943,15,15
2296,2296,18,18
2261,2261,4,4
2522,2522,86,86
31531,31531,86,86
31619,31619,7,7
31455,31455,7,7
31935,31935,3,3
31972,31972,86,86
34269,34269,11,11
26265,26265,16,16
30439,30439,3,3
30439,30439,86,86
34359,34359,11,11
32078,32078,11,11
32043,32043,6,6
32732,32732,7,7
3973,3973,18,18
31329,31329,11,11
33579,33579,12,12
31479,31479,10,10
4035,4035,11,11
553,553,7,7
40369,40369,7,7
31686,31686,18,18
31686,31686,87,87
31503,31503,3,3
34255,34255,14,14
34255,34255,13,13
34714,34714,86,86
36335,36335,8,8
29677,29677,12,12
28689,28689,13,13
35898,35898,7,7
34026,34026,16,16
3879,3879,13,13
33986,33986,4,4
31553,31553,7,7
547,547,18,18
2377,2377,4,4
33112,33112,7,7
2342,2342,3,3
2386,2386,86,86
28614,28614,10,10
29550,29550,15,15
2528,2528,86,86
34360,34360,12,12
33147,33147,3,3
29246,29246,3,3
30383,30383,15,15
30735,30735,86,86
30735,30735,15,15
2323,2323,6,6
2400,2400,8,8
34461,34461,14,14
33120,33120,7,7
2323,2323,13,13
33540,33540,7,7
25966,25966,7,7
31447,31447,86,86
34217,34217,86,86
33418,33418,86,86
2436,2436,13,13
3450,3450,3,3
2500,2500,13,13
1049,1049,16,16
1160,1160,86,86
3825,3825,86,86
3654,3654,86,86
3121,3121,8,8
1052,1052,10,10
1074,1074,11,11
1082,1082,11,11
1058,1058,7,7
1059,1059,3,3
1077,1077,86,86
1060,1060,4,4
1163,1163,11,11
2010,2010,18,18
2070,2070,10,10
1165,1165,16,16
2052,2052,86,86
2108,2108,86,86
1159,1159,86,86
1174,1174,7,7
1168,1168,86,86
2026,2026,86,86
2039,2039,10,10
2174,2174,7,7
2137,2137,7,7
2150,2150,8,8
903,903,7,7
905,905,15,15
919,919,12,12
1078,1078,10,10
1078,1078,13,13
854,854,6,6
857,857,7,7
846,846,16,16
858,858,3,3
862,862,8,8
864,864,7,7
856,856,10,10
885,885,14,14
2202,2202,87,87
2133,2133,7,7
2143,2143,11,11
887,887,3,3
893,893,86,86
892,892,86,86
2018,2018,3,3
2018,2018,86,86
1046,1046,15,15
904,904,86,86
920,920,7,7
949,949,7,7
880,880,14,14
748,748,12,12
806,806,7,7
808,808,86,86
752,752,13,13
838,838,18,18
840,840,12,12
823,823,13,13
790,790,15,15
698,698,14,14
699,699,13,13
928,928,86,86
927,927,86,86
930,930,7,7
936,936,15,15
945,945,4,4
1004,1004,10,10
654,654,15,15
796,796,86,86
809,809,3,3
809,809,86,86
832,832,86,86
826,826,3,3
826,826,86,86
827,827,3,3
4158,4158,12,12
8325,8325,13,13
4092,4092,15,15
4081,4081,7,7
4051,4051,10,10
4047,4047,7,7
4027,4027,10,10
4038,4038,13,13
4364,4364,14,14
4049,4049,14,14
3906,3906,7,7
3876,3876,86,86
3791,3791,15,15
3897,3897,3,3
3789,3789,15,15
3790,3790,13,13
3752,3752,13,13
3686,3686,15,15
3648,3648,7,7
3576,3576,14,14
3531,3531,86,86
651,651,86,86
645,645,86,86
642,642,86,86
842,842,7,7
643,643,3,3
39766,39766,3,3
682,682,7,7
940,940,15,15
711,711,3,3
705,705,7,7
98092,98092,6,6
351,351,4,4
98697,98697,3,3
705,705,18,18
626,626,86,86
753,753,13,13
923,923,86,86
829,829,3,3
824,824,13,13
775,775,86,86
791,791,86,86
773,773,3,3
772,772,87,87
767,767,7,7
811,811,86,86
801,801,86,86
762,762,86,86
709,709,86,86
717,717,13,13
714,714,16,16
931,931,86,86
681,681,16,16
935,935,3,3
935,935,86,86
648,648,3,3
653,653,86,86
3073,3073,86,86
3512,3512,15,15
3372,3372,13,13
3134,3134,13,13
3343,3343,13,13
3138,3138,13,13
3264,3264,13,13
3055,3055,86,86
3055,3055,13,13
2309,2309,13,13
2012,2012,13,13
1173,1173,14,14
1081,1081,14,14
1070,1070,13,13
855,855,15,15
844,844,13,13
759,759,13,13
789,789,86,86
789,789,13,13
697,697,87,87
697,697,13,13
655,655,12,12
679,679,8,8
675,675,7,7
3351,3351,7,7
677,677,6,6
3422,3422,7,7
3084,3084,86,86
49543,49543,13,13
3802,3802,7,7
3802,3802,13,13
45100,45100,7,7
45100,45100,10,10
953,953,4,4
45988,45988,4,4
37861,37861,7,7
953,953,7,7
47947,47947,7,7
49741,49741,14,14
49754,49754,11,11
46346,46346,11,11
46383,46383,16,16
807,807,10,10
30436,30436,86,86
3820,3820,7,7
3820,3820,86,86
608,608,6,6
3684,3684,7,7
49776,49776,7,7
33702,33702,14,14
36840,36840,11,11
49081,49081,11,11
4415,4415,7,7
50092,50092,11,11
50130,50130,6,6
46312,46312,6,6
21835,21835,15,15
46419,46419,13,13
50121,50121,18,18
50121,50121,13,13
49876,49876,7,7
49107,49107,14,14
49724,49724,6,6
532,532,16,16
506,506,15,15
1144,1144,11,11
451,451,3,3
464,464,7,7
486,486,8,8
484,484,7,7
491,491,7,7
497,497,4,4
495,495,87,87
502,502,7,7
502,502,10,10
1150,1150,14,14
1151,1151,15,15
528,528,86,86
466,466,17,17
465,465,11,11
1142,1142,4,4
1138,1138,12,12
472,472,7,7
439,439,4,4
439,439,7,7
311,311,86,86
413,413,12,12
430,430,7,7
432,432,18,18
433,433,7,7
437,437,7,7
418,418,12,12
434,434,7,7
434,434,87,87
435,435,18,18
1134,1134,11,11
1131,1131,4,4
50088,50088,86,86
50088,50088,14,14
49306,49306,13,13
49307,49307,10,10
49629,49629,11,11
972,972,87,87
4374,4374,4,4
971,971,13,13
1119,1119,7,7
49143,49143,10,10
50187,50187,3,3
10575,10575,4,4
1037,1037,15,15
992,992,11,11
993,993,11,11
50189,50189,3,3
4386,4386,7,7
4,4,15,15
989,989,14,14
985,985,15,15
998,998,10,10
1008,1008,11,11
50212,50212,7,7
366,366,4,4
366,366,86,86
50236,50236,4,4
376,376,13,13
1121,1121,14,14
4373,4373,4,4
384,384,7,7
50128,50128,11,11
46284,46284,11,11
100013,100013,86,86
100013,100013,13,13
48216,48216,6,6
46945,46945,4,4
46945,46945,7,7
1107,1107,4,4
1111,1111,13,13
1099,1099,14,14
352,352,10,10
49082,49082,10,10
100008,100008,86,86
47459,47459,3,3
47459,47459,86,86
44238,44238,3,3
46937,46937,3,3
49862,49862,3,3
50011,50011,3,3
49942,49942,3,3
100621,100621,16,16
46285,46285,7,7
50244,50244,11,11
184,184,86,86
116,116,12,12
253,253,6,6
1010,1010,11,11
1030,1030,11,11
1024,1024,7,7
133,133,3,3
1032,1032,16,16
50126,50126,7,7
50065,50065,7,7
118,118,7,7
577,577,86,86
577,577,14,14
50003,50003,7,7
49014,49014,86,86
74,74,4,4
49681,49681,86,86
957,957,13,13
568,568,86,86
568,568,14,14
1041,1041,11,11
1041,1041,86,86
100653,100653,86,86
583,583,86,86
583,583,15,15
329,329,87,87
329,329,86,86
585,585,14,14
100634,100634,14,14
571,571,13,13
587,587,8,8
81,81,16,16
254,254,3,3
1095,1095,7,7
280,280,4,4
1114,1114,15,15
50204,50204,11,11
101262,101262,12,12
50163,50163,86,86
50163,50163,13,13
50258,50258,11,11
48545,48545,11,11
101507,101507,13,13
49050,49050,6,6
49317,49317,6,6
50235,50235,11,11
49755,49755,14,14
49914,49914,86,86
50210,50210,7,7
49783,49783,15,15
50199,50199,15,15
9088,9088,7,7
63,63,15,15
50265,50265,86,86
50278,50278,86,86
101975,101975,11,11
50263,50263,6,6
411,411,86,86
122,122,6,6
394,394,14,14
401,401,6,6
403,403,7,7
3367,3367,86,86
392,392,10,10
1103,1103,15,15
145,145,15,15
1104,1104,11,11
189,189,87,87
235,235,86,86
255,255,7,7
4384,4384,87,87
1117,1117,14,14
50282,50282,11,11
31495,31495,7,7
31554,31554,7,7
31554,31554,86,86
48186,48186,87,87
50262,50262,87,87
33233,33233,11,11
31236,31236,13,13
34446,34446,86,86
50274,50274,7,7
33234,33234,86,86
2889,2889,4,4
2939,2939,3,3
50276,50276,87,87
405,405,4,4
405,405,86,86
613,613,7,7
50302,50302,86,86
50134,50134,86,86
1029,1029,10,10
2508,2508,7,7
50371,50371,8,8
50390,50390,7,7
3812,3812,7,7
49944,49944,7,7
90872,90872,86,86
102399,102399,86,86
102399,102399,14,14
83975,83975,6,6
83975,83975,14,14
85151,85151,86,86
85151,85151,16,16
50091,50091,6,6
50091,50091,13,13
50431,50431,7,7
50431,50431,18,18
50431,50431,86,86
101139,101139,11,11
89491,89491,10,10
89488,89488,11,11
88774,88774,86,86
103994,103994,11,11
50403,50403,7,7
50391,50391,3,3
50391,50391,86,86
3470,3470,13,13
50493,50493,18,18
211,211,87,87
211,211,14,14
2199,2199,86,86
50451,50451,6,6
50208,50208,13,13
101137,101137,7,7
50563,50563,14,14
93513,93513,86,86
781,781,7,7
95158,95158,15,15
95407,95407,86,86
96796,96796,6,6
96796,96796,14,14
104792,104792,86,86
12066,12066,7,7
100617,100617,86,86
100623,100623,86,86
101630,101630,14,14
101979,101979,11,11
101979,101979,87,87
101979,101979,86,86
54158,54158,86,86
103381,103381,3,3
103381,103381,6,6
104426,104426,86,86
103383,103383,12,12
104248,104248,86,86
104244,104244,86,86
45,45,7,7
104435,104435,3,3
50085,50085,7,7
49020,49020,3,3
49020,49020,86,86
3909,3909,7,7
51199,51199,12,12
49855,49855,7,7
50537,50537,16,16
726,726,8,8
59957,59957,12,12
59957,59957,13,13
106035,106035,13,13
53753,53753,12,12
101259,101259,3,3
25215,25215,14,14
107563,107563,86,86
107563,107563,13,13
101633,101633,7,7
109050,109050,86,86
109045,109045,86,86
112643,112643,86,86
639,639,7,7
112952,112952,87,87
114449,114449,6,6
634,634,17,17
114454,114454,4,4
114466,114466,4,4
981,981,6,6
114510,114510,15,15
114510,114510,12,12
112651,112651,4,4
112651,112651,10,10
112651,112651,11,11
112651,112651,12,12
114518,114518,12,12
104934,104934,7,7
109400,109400,86,86
109402,109402,86,86
104941,104941,16,16
105545,105545,8,8
106939,106939,3,3
112238,112238,7,7
108564,108564,86,86
112621,112621,14,14
112369,112369,86,86
112376,112376,16,16
114455,114455,10,10
40,40,14,14
107564,107564,14,14
108559,108559,86,86
104692,104692,86,86
107726,107726,86,86
114567,114567,10,10
106427,106427,87,87
112642,112642,7,7
112642,112642,11,11
90875,90875,86,86
106428,106428,13,13
114563,114563,13,13
114536,114536,6,6
114536,114536,13,13
114456,114456,11,11
114584,114584,3,3
114587,114587,11,11
3131,3131,3,3
