accident_id,0,factor_id,1
3,3,31,31
6,6,31,31
6,6,101,101
7,7,34,34
3923,3923,37,37
12,12,37,37
13,13,31,31
13,13,43,43
8948,8948,31,31
16,16,34,34
17,17,37,37
34147,34147,36,36
2265,2265,31,31
21,21,37,37
22,22,43,43
3992,3992,35,35
24,24,43,43
26,26,37,37
27,27,37,37
18286,18286,37,37
30,30,37,37
32,32,37,37
3642,3642,37,37
34,34,31,31
34,34,42,42
35,35,37,37
3992,3992,36,36
3468,3468,37,37
3467,3467,37,37
39,39,34,34
11399,11399,43,43
88,88,43,43
3755,3755,34,34
3707,3707,37,37
3223,3223,37,37
3092,3092,42,42
48,48,37,37
2745,2745,37,37
8396,8396,31,31
52,52,31,31
52,52,35,35
52,52,43,43
8396,8396,43,43
12065,12065,101,101
57,57,31,31
16848,16848,101,101
8874,8874,31,31
59,59,31,31
781,781,43,43
1,1,34,34
2,2,37,37
62,62,34,34
5,5,37,37
65,65,101,101
9,9,42,42
67,67,34,34
10,10,43,43
11,11,43,43
14,14,35,35
69,69,31,31
69,69,43,43
15,15,101,101
71,71,31,31
71,71,34,34
71,71,36,36
71,71,43,43
18,18,43,43
19,19,31,31
19,19,43,43
23,23,37,37
25,25,36,36
28,28,37,37
29,29,31,31
78,78,42,42
29,29,43,43
80,80,43,43
31,31,37,37
82,82,31,31
83,83,37,37
84,84,37,37
33,33,101,101
36,36,31,31
37,37,31,31
86,86,31,31
86,86,34,34
86,86,43,43
87,87,37,37
37,37,40,40
41,41,37,37
95,95,37,37
42,42,37,37
98,98,37,37
99,99,34,34
100,100,31,31
100,100,34,34
43,43,37,37
44,44,37,37
46,46,31,31
46,46,34,34
47,47,37,37
49,49,31,31
49,49,35,35
49,49,43,43
50,50,37,37
119,119,37,37
120,120,37,37
51,51,37,37
12066,12066,37,37
53,53,31,31
53,53,43,43
54,54,31,31
56,56,37,37
146,146,31,31
58,58,34,34
152,152,37,37
58,58,43,43
162,162,43,43
58,58,101,101
164,164,31,31
164,164,43,43
60,60,40,40
175,175,35,35
175,175,36,36
175,175,101,101
60,60,43,43
181,181,32,32
61,61,31,31
61,61,40,40
66,66,34,34
66,66,43,43
68,68,34,34
190,190,37,37
191,191,37,37
192,192,31,31
192,192,41,41
192,192,43,43
68,68,36,36
68,68,37,37
70,70,34,34
202,202,37,37
204,204,31,31
204,204,101,101
73,73,31,31
73,73,34,34
73,73,43,43
227,227,36,36
227,227,101,101
75,75,34,34
75,75,101,101
240,240,101,101
248,248,31,31
248,248,101,101
77,77,34,34
79,79,40,40
256,256,37,37
92,92,37,37
93,93,37,37
94,94,31,31
94,94,43,43
269,269,37,37
97,97,34,34
101,101,36,36
275,275,101,101
101,101,40,40
101,101,41,41
102,102,37,37
109,109,101,101
132,132,37,37
143,143,31,31
149,149,37,37
155,155,42,42
163,163,42,42
18081,18081,37,37
21392,21392,35,35
25168,25168,37,37
318,318,101,101
327,327,36,36
54158,54158,37,37
337,337,31,31
337,337,34,34
25164,25164,37,37
350,350,37,37
355,355,101,101
226,226,43,43
4009,4009,31,31
16367,16367,42,42
4009,4009,32,32
4009,4009,43,43
3895,3895,37,37
370,370,37,37
3845,3845,37,37
374,374,36,36
381,381,37,37
3773,3773,37,37
383,383,37,37
33988,33988,31,31
3306,3306,37,37
50085,50085,101,101
49020,49020,43,43
49855,49855,43,43
53753,53753,37,37
3074,3074,37,37
11805,11805,35,35
14077,14077,37,37
8884,8884,36,36
393,393,43,43
395,395,43,43
398,398,43,43
399,399,31,31
400,400,31,31
176,176,37,37
182,182,31,31
182,182,35,35
182,182,36,36
182,182,43,43
406,406,34,34
407,407,31,31
407,407,43,43
408,408,37,37
409,409,43,43
409,409,101,101
45,45,31,31
45,45,43,43
193,193,31,31
193,193,37,37
219,219,31,31
220,220,37,37
221,221,37,37
229,229,37,37
238,238,37,37
238,238,43,43
424,424,101,101
425,425,35,35
426,426,37,37
45,45,101,101
428,428,37,37
51199,51199,37,37
46712,46712,43,43
431,431,43,43
258,258,34,34
258,258,43,43
264,264,37,37
272,272,37,37
276,276,31,31
436,436,31,31
436,436,43,43
276,276,35,35
276,276,36,36
276,276,43,43
276,276,101,101
441,441,37,37
442,442,37,37
443,443,42,42
444,444,41,41
279,279,31,31
447,447,37,37
279,279,41,41
279,279,101,101
452,452,37,37
288,288,37,37
454,454,37,37
455,455,37,37
289,289,43,43
459,459,37,37
299,299,101,101
303,303,101,101
462,462,40,40
315,315,31,31
315,315,43,43
316,316,37,37
339,339,31,31
339,339,36,36
467,467,37,37
339,339,101,101
343,343,43,43
347,347,37,37
471,471,101,101
354,354,101,101
474,474,31,31
474,474,101,101
475,475,34,34
367,367,31,31
367,367,35,35
478,478,37,37
479,479,37,37
481,481,31,31
482,482,37,37
482,482,40,40
368,368,101,101
369,369,37,37
372,372,31,31
487,487,38,38
488,488,37,37
372,372,35,35
372,372,36,36
492,492,35,35
492,492,42,42
492,492,43,43
372,372,41,41
372,372,101,101
498,498,42,42
499,499,37,37
500,500,42,42
503,503,37,37
377,377,42,42
378,378,34,34
380,380,101,101
382,382,37,37
509,509,43,43
511,511,37,37
512,512,37,37
109050,109050,36,36
387,387,37,37
388,388,101,101
516,516,37,37
397,397,37,37
518,518,101,101
519,519,31,31
519,519,43,43
402,402,37,37
522,522,37,37
109045,109045,34,34
525,525,31,31
525,525,35,35
525,525,101,101
410,410,43,43
414,414,37,37
533,533,31,31
533,533,33,33
415,415,40,40
416,416,37,37
537,537,31,31
538,538,34,34
417,417,37,37
546,546,101,101
41781,41781,37,37
548,548,37,37
549,549,37,37
551,551,37,37
40372,40372,37,37
555,555,52,52
8999,8999,31,31
8999,8999,34,34
8999,8999,43,43
41511,41511,101,101
24982,24982,31,31
24982,24982,43,43
24982,24982,42,42
14075,14075,37,37
572,572,37,37
573,573,37,37
574,574,37,37
576,576,43,43
12273,12273,37,37
581,581,37,37
582,582,31,31
586,586,42,42
3675,3675,101,101
2317,2317,37,37
373,373,101,101
2978,2978,37,37
14136,14136,101,101
427,427,37,37
598,598,31,31
598,598,34,34
599,599,37,37
38181,38181,37,37
601,601,37,37
429,429,31,31
429,429,101,101
112643,112643,36,36
438,438,37,37
609,609,37,37
440,440,37,37
614,614,37,37
615,615,36,36
616,616,37,37
617,617,31,31
445,445,31,31
446,446,43,43
620,620,37,37
450,450,37,37
624,624,37,37
625,625,101,101
34253,34253,31,31
34253,34253,101,101
34029,34029,31,31
951,951,43,43
552,552,36,36
457,457,37,37
639,639,31,31
639,639,43,43
639,639,35,35
639,639,36,36
639,639,101,101
112952,112952,43,43
114449,114449,31,31
114449,114449,43,43
114449,114449,36,36
114449,114449,40,40
114449,114449,41,41
460,460,101,101
461,461,37,37
635,635,40,40
636,636,42,42
8,8,37,37
641,641,31,31
469,469,37,37
470,470,37,37
50486,50486,101,101
473,473,31,31
473,473,36,36
473,473,43,43
473,473,101,101
650,650,43,43
652,652,34,34
477,477,31,31
595,595,37,37
602,602,37,37
483,483,31,31
50486,50486,42,42
489,489,101,101
493,493,31,31
661,661,37,37
662,662,37,37
663,663,37,37
494,494,37,37
504,504,37,37
669,669,34,34
510,510,34,34
513,513,35,35
674,674,43,43
41782,41782,101,101
513,513,36,36
513,513,101,101
514,514,37,37
515,515,37,37
517,517,37,37
520,520,31,31
520,520,34,34
686,686,31,31
523,523,37,37
689,689,35,35
524,524,31,31
529,529,37,37
530,530,37,37
694,694,31,31
694,694,34,34
696,696,31,31
696,696,34,34
534,534,43,43
535,535,37,37
539,539,43,43
701,701,31,31
540,540,34,34
541,541,37,37
704,704,31,31
542,542,37,37
543,543,101,101
706,706,42,42
707,707,31,31
707,707,36,36
707,707,43,43
40731,40731,37,37
545,545,37,37
31965,31965,37,37
560,560,43,43
564,564,101,101
712,712,38,38
713,713,36,36
713,713,101,101
565,565,101,101
566,566,36,36
566,566,101,101
567,567,101,101
570,570,42,42
58181,58181,37,37
579,579,101,101
580,580,37,37
584,584,37,37
588,588,31,31
588,588,43,43
725,725,37,37
727,727,37,37
729,729,42,42
590,590,37,37
593,593,37,37
27066,27066,42,42
734,734,37,37
735,735,31,31
735,735,37,37
35500,35500,31,31
749,749,37,37
751,751,37,37
597,597,43,43
603,603,35,35
603,603,101,101
605,605,37,37
756,756,34,34
757,757,42,42
606,606,37,37
607,607,35,35
760,760,34,34
761,761,37,37
607,607,36,36
607,607,40,40
607,607,41,41
607,607,101,101
612,612,37,37
619,619,37,37
774,774,101,101
621,621,37,37
776,776,31,31
776,776,38,38
627,627,31,31
630,630,34,34
632,632,43,43
783,783,37,37
3545,3545,37,37
16494,16494,31,31
16494,16494,43,43
926,926,31,31
788,788,43,43
793,793,31,31
795,795,36,36
16488,16488,43,43
797,797,31,31
797,797,42,42
797,797,43,43
798,798,31,31
798,798,35,35
798,798,36,36
798,798,43,43
799,799,42,42
800,800,31,31
800,800,42,42
800,800,43,43
802,802,37,37
787,787,43,43
787,787,35,35
787,787,36,36
356,356,101,101
50518,50518,31,31
3418,3418,43,43
3420,3420,37,37
813,813,36,36
813,813,43,43
8322,8322,31,31
816,816,43,43
818,818,37,37
819,819,37,37
820,820,32,32
821,821,37,37
822,822,37,37
830,830,42,42
831,831,38,38
646,646,43,43
837,837,36,36
837,837,43,43
657,657,31,31
657,657,34,34
841,841,32,32
841,841,43,43
657,657,35,35
843,843,31,31
843,843,34,34
843,843,37,37
657,657,36,36
847,847,34,34
847,847,37,37
848,848,36,36
848,848,43,43
657,657,43,43
850,850,43,43
851,851,43,43
852,852,42,42
666,666,37,37
667,667,37,37
31001,31001,101,101
41785,41785,37,37
668,668,37,37
859,859,31,31
860,860,31,31
861,861,31,31
861,861,43,43
670,670,37,37
863,863,37,37
672,672,43,43
865,865,37,37
1003,1003,37,37
40463,40463,31,31
683,683,37,37
684,684,31,31
872,872,43,43
873,873,35,35
685,685,37,37
687,687,37,37
690,690,36,36
876,876,37,37
877,877,43,43
692,692,37,37
879,879,42,42
34385,34385,37,37
33117,33117,37,37
881,881,43,43
881,881,101,101
693,693,42,42
883,883,43,43
884,884,37,37
50518,50518,43,43
50518,50518,41,41
59476,59476,43,43
50560,50560,37,37
695,695,31,31
886,886,43,43
695,695,34,34
889,889,34,34
891,891,43,43
35892,35892,43,43
894,894,38,38
896,896,42,42
700,700,101,101
902,902,37,37
702,702,31,31
703,703,37,37
906,906,43,43
710,710,36,36
908,908,31,31
908,908,35,35
908,908,36,36
908,908,43,43
908,908,101,101
909,909,37,37
916,916,37,37
917,917,35,35
918,918,37,37
715,715,31,31
715,715,35,35
922,922,37,37
715,715,101,101
718,718,31,31
719,719,31,31
719,719,42,42
719,719,43,43
720,720,43,43
721,721,31,31
730,730,37,37
933,933,37,37
731,731,37,37
733,733,31,31
733,733,34,34
939,939,35,35
747,747,37,37
942,942,37,37
944,944,37,37
947,947,31,31
947,947,101,101
754,754,31,31
754,754,43,43
755,755,34,34
954,954,43,43
955,955,31,31
758,758,31,31
104527,104527,43,43
960,960,101,101
765,765,37,37
768,768,35,35
768,768,36,36
768,768,101,101
771,771,43,43
771,771,101,101
777,777,43,43
973,973,43,43
778,778,37,37
779,779,43,43
780,780,37,37
9079,9079,37,37
2514,2514,43,43
2514,2514,101,101
103,103,43,43
104527,104527,42,42
986,986,31,31
988,988,43,43
991,991,36,36
12063,12063,37,37
9848,9848,35,35
996,996,31,31
997,997,37,37
1002,1002,37,37
784,784,43,43
785,785,31,31
785,785,34,34
1007,1007,43,43
786,786,31,31
1012,1012,43,43
1013,1013,37,37
1014,1014,37,37
1017,1017,31,31
1017,1017,37,37
804,804,31,31
1019,1019,43,43
1020,1020,36,36
1021,1021,31,31
1021,1021,36,36
1022,1022,37,37
805,805,35,35
805,805,43,43
1025,1025,37,37
1026,1026,37,37
1033,1033,36,36
810,810,42,42
810,810,43,43
812,812,37,37
814,814,43,43
815,815,35,35
817,817,37,37
825,825,43,43
1047,1047,42,42
1048,1048,43,43
834,834,31,31
1053,1053,31,31
1053,1053,43,43
834,834,35,35
1056,1056,31,31
1057,1057,34,34
834,834,43,43
835,835,101,101
836,836,37,37
839,839,37,37
849,849,43,43
853,853,37,37
1065,1065,43,43
1071,1071,31,31
1072,1072,37,37
1073,1073,31,31
1073,1073,101,101
1076,1076,31,31
1076,1076,101,101
866,866,37,37
868,868,101,101
869,869,43,43
871,871,42,42
1083,1083,37,37
1084,1084,101,101
874,874,34,34
874,874,101,101
875,875,37,37
878,878,43,43
1088,1088,37,37
1089,1089,37,37
1090,1090,37,37
882,882,37,37
890,890,34,34
899,899,37,37
901,901,43,43
76310,76310,37,37
556,556,31,31
556,556,43,43
1101,1101,31,31
556,556,101,101
907,907,31,31
1106,1106,43,43
103382,103382,37,37
1108,1108,37,37
1110,1110,37,37
96794,96794,31,31
1112,1112,31,31
1112,1112,37,37
1113,1113,37,37
96794,96794,43,43
907,907,43,43
910,910,31,31
910,910,43,43
1120,1120,37,37
912,912,31,31
913,913,37,37
1122,1122,40,40
1123,1123,37,37
1124,1124,37,37
1126,1126,37,37
1127,1127,101,101
1130,1130,31,31
1130,1130,43,43
914,914,37,37
1133,1133,31,31
1133,1133,43,43
1133,1133,101,101
96794,96794,101,101
1135,1135,37,37
41787,41787,37,37
921,921,37,37
924,924,34,34
96792,96792,43,43
104507,104507,43,43
1152,1152,37,37
1153,1153,37,37
1156,1156,37,37
1156,1156,43,43
34246,34246,43,43
33420,33420,43,43
33420,33420,42,42
100004,100004,43,43
929,929,37,37
9171,9171,37,37
34254,34254,42,42
934,934,36,36
34956,34956,101,101
937,937,34,34
1171,1171,37,37
93033,93033,36,36
1756,1756,37,37
941,941,37,37
2020,2020,43,43
943,943,35,35
946,946,37,37
950,950,37,37
952,952,37,37
2049,2049,31,31
2049,2049,101,101
93033,93033,37,37
100627,100627,35,35
99173,99173,31,31
99173,99173,34,34
104425,104425,37,37
103753,103753,101,101
2054,2054,37,37
2073,2073,37,37
958,958,31,31
959,959,37,37
962,962,37,37
2113,2113,43,43
963,963,101,101
964,964,37,37
965,965,36,36
966,966,37,37
968,968,37,37
969,969,31,31
969,969,43,43
970,970,37,37
2152,2152,37,37
2178,2178,37,37
14278,14278,31,31
2374,2374,37,37
196,196,37,37
16365,16365,37,37
2271,2271,37,37
974,974,37,37
975,975,34,34
978,978,37,37
2311,2311,31,31
2311,2311,101,101
2315,2315,36,36
979,979,37,37
980,980,31,31
980,980,43,43
980,980,101,101
2339,2339,31,31
982,982,37,37
983,983,31,31
984,984,37,37
2357,2357,31,31
2359,2359,31,31
2363,2363,31,31
994,994,37,37
995,995,37,37
999,999,31,31
2388,2388,31,31
1005,1005,37,37
2398,2398,36,36
2398,2398,101,101
2423,2423,31,31
2438,2438,37,37
2446,2446,37,37
2453,2453,34,34
1009,1009,37,37
2462,2462,35,35
1016,1016,37,37
1018,1018,37,37
2467,2467,37,37
1018,1018,43,43
2472,2472,37,37
1023,1023,37,37
50328,50328,37,37
2490,2490,37,37
2502,2502,101,101
2506,2506,37,37
50193,50193,37,37
1036,1036,43,43
2540,2540,37,37
50135,50135,31,31
1038,1038,31,31
2572,2572,37,37
2606,2606,31,31
1039,1039,37,37
1042,1042,37,37
2611,2611,31,31
2618,2618,37,37
1042,1042,43,43
2624,2624,37,37
2646,2646,43,43
2657,2657,43,43
2662,2662,43,43
2667,2667,37,37
1050,1050,37,37
2682,2682,37,37
2689,2689,31,31
2689,2689,43,43
2689,2689,101,101
2691,2691,31,31
2691,2691,43,43
50135,50135,43,43
2696,2696,31,31
2696,2696,38,38
2696,2696,43,43
1055,1055,31,31
2701,2701,31,31
2701,2701,43,43
2716,2716,43,43
2718,2718,37,37
2725,2725,37,37
1061,1061,36,36
1061,1061,42,42
1062,1062,37,37
1064,1064,31,31
1064,1064,43,43
2737,2737,31,31
2737,2737,43,43
1066,1066,31,31
2747,2747,37,37
2749,2749,31,31
2749,2749,43,43
1079,1079,34,34
1080,1080,37,37
35878,35878,37,37
28689,28689,43,43
604,604,37,37
1086,1086,37,37
2757,2757,31,31
2757,2757,43,43
1086,1086,43,43
1087,1087,37,37
1091,1091,37,37
2785,2785,31,31
2785,2785,43,43
2794,2794,31,31
2794,2794,43,43
2798,2798,31,31
2798,2798,43,43
1092,1092,36,36
2834,2834,37,37
2839,2839,43,43
1093,1093,42,42
1096,1096,37,37
1097,1097,36,36
2893,2893,37,37
2897,2897,31,31
1100,1100,31,31
2901,2901,42,42
2901,2901,43,43
2907,2907,37,37
1100,1100,43,43
2914,2914,37,37
2916,2916,43,43
2918,2918,37,37
2922,2922,43,43
2924,2924,37,37
62905,62905,31,31
1116,1116,37,37
2930,2930,37,37
50179,50179,37,37
50352,50352,42,42
2947,2947,37,37
2951,2951,37,37
2953,2953,37,37
50329,50329,101,101
50392,50392,35,35
1137,1137,37,37
2957,2957,37,37
2959,2959,31,31
2959,2959,38,38
1139,1139,37,37
1146,1146,37,37
1149,1149,37,37
3040,3040,31,31
171,171,101,101
50392,50392,36,36
41788,41788,31,31
1162,1162,37,37
3059,3059,43,43
3066,3066,37,37
41788,41788,34,34
41788,41788,35,35
41788,41788,101,101
1164,1164,34,34
3077,3077,31,31
35826,35826,33,33
1167,1167,37,37
3082,3082,31,31
35826,35826,43,43
40076,40076,37,37
3093,3093,31,31
2034,2034,43,43
2045,2045,37,37
3099,3099,31,31
3099,3099,43,43
2047,2047,43,43
2087,2087,37,37
3111,3111,31,31
3111,3111,43,43
14137,14137,42,42
3116,3116,101,101
3124,3124,37,37
3126,3126,37,37
3133,3133,31,31
3133,3133,43,43
867,867,43,43
3137,3137,43,43
3141,3141,37,37
3142,3142,31,31
3142,3142,43,43
2104,2104,37,37
2106,2106,37,37
3160,3160,37,37
2129,2129,31,31
3172,3172,37,37
2129,2129,43,43
3178,3178,37,37
2139,2139,37,37
2141,2141,37,37
3214,3214,37,37
2145,2145,43,43
2145,2145,101,101
2147,2147,101,101
50242,50242,37,37
50362,50362,37,37
50375,50375,37,37
55341,55341,36,36
55341,55341,101,101
55341,55341,42,42
50275,50275,36,36
3225,3225,37,37
3255,3255,37,37
3256,3256,37,37
3256,3256,43,43
2183,2183,34,34
2195,2195,43,43
3259,3259,37,37
3260,3260,43,43
3261,3261,37,37
3262,3262,43,43
3263,3263,37,37
50275,50275,37,37
101136,101136,43,43
3275,3275,31,31
3275,3275,101,101
3276,3276,37,37
2209,2209,37,37
2218,2218,31,31
3298,3298,31,31
3301,3301,31,31
3301,3301,42,42
3301,3301,43,43
3302,3302,37,37
2275,2275,31,31
3307,3307,37,37
2281,2281,101,101
2321,2321,31,31
3313,3313,43,43
2321,2321,43,43
2331,2331,42,42
2344,2344,31,31
2344,2344,43,43
3317,3317,37,37
2361,2361,101,101
2366,2366,36,36
3320,3320,37,37
3321,3321,31,31
2366,2366,101,101
3323,3323,31,31
3324,3324,31,31
3324,3324,42,42
2384,2384,31,31
2427,2427,101,101
3337,3337,37,37
3338,3338,31,31
3338,3338,43,43
2458,2458,43,43
3341,3341,37,37
2464,2464,37,37
3345,3345,37,37
3346,3346,43,43
2465,2465,37,37
2470,2470,37,37
2475,2475,36,36
3354,3354,31,31
3354,3354,38,38
2475,2475,101,101
2526,2526,101,101
3358,3358,31,31
2530,2530,36,36
3364,3364,37,37
2530,2530,101,101
2543,2543,37,37
3369,3369,34,34
2568,2568,31,31
3384,3384,38,38
3388,3388,37,37
3392,3392,101,101
2620,2620,101,101
2627,2627,37,37
2627,2627,43,43
2638,2638,37,37
3395,3395,37,37
3396,3396,37,37
3397,3397,31,31
3397,3397,35,35
3398,3398,31,31
2672,2672,31,31
2672,2672,43,43
3401,3401,37,37
2678,2678,42,42
2680,2680,101,101
3403,3403,40,40
3412,3412,37,37
3414,3414,37,37
3415,3415,37,37
2694,2694,31,31
2694,2694,43,43
2697,2697,31,31
2697,2697,43,43
3421,3421,31,31
3427,3427,37,37
3429,3429,37,37
2710,2710,37,37
3431,3431,43,43
2720,2720,37,37
2729,2729,37,37
2731,2731,37,37
3443,3443,37,37
2733,2733,31,31
2733,2733,43,43
2733,2733,101,101
2739,2739,40,40
2743,2743,31,31
2743,2743,43,43
3454,3454,37,37
3455,3455,43,43
2751,2751,37,37
2753,2753,31,31
2753,2753,43,43
2755,2755,31,31
2755,2755,43,43
2759,2759,31,31
2783,2783,31,31
2783,2783,43,43
3469,3469,101,101
94248,94248,41,41
3471,3471,37,37
3474,3474,31,31
3476,3476,37,37
2831,2831,31,31
3479,3479,37,37
2848,2848,101,101
2855,2855,37,37
3487,3487,43,43
2876,2876,37,37
3492,3492,37,37
2887,2887,37,37
3495,3495,31,31
3495,3495,43,43
3496,3496,101,101
3498,3498,31,31
3498,3498,43,43
3498,3498,101,101
2912,2912,37,37
2926,2926,37,37
3503,3503,31,31
3503,3503,43,43
2928,2928,31,31
2937,2937,37,37
2943,2943,37,37
2955,2955,31,31
2955,2955,37,37
3508,3508,31,31
3508,3508,43,43
2955,2955,43,43
3510,3510,31,31
3510,3510,43,43
2976,2976,43,43
596,596,31,31
3006,3006,31,31
3013,3013,101,101
3045,3045,35,35
3045,3045,36,36
3045,3045,43,43
3057,3057,37,37
3076,3076,31,31
3076,3076,43,43
3080,3080,31,31
8139,8139,37,37
2390,2390,43,43
3532,3532,101,101
3534,3534,36,36
3534,3534,101,101
3080,3080,43,43
3087,3087,31,31
3087,3087,42,42
3088,3088,37,37
3090,3090,31,31
3543,3543,31,31
3543,3543,43,43
3091,3091,43,43
3094,3094,43,43
3546,3546,101,101
3547,3547,37,37
3096,3096,31,31
3096,3096,101,101
3098,3098,37,37
3100,3100,31,31
3109,3109,43,43
3551,3551,43,43
3110,3110,37,37
3112,3112,101,101
3113,3113,36,36
3115,3115,31,31
3556,3556,37,37
3128,3128,37,37
596,596,43,43
596,596,101,101
3140,3140,37,37
3148,3148,31,31
3149,3149,31,31
3574,3574,37,37
3149,3149,43,43
3577,3577,37,37
3578,3578,37,37
3150,3150,37,37
3163,3163,37,37
3171,3171,43,43
3173,3173,37,37
3584,3584,37,37
3182,3182,37,37
3586,3586,37,37
3183,3183,37,37
3588,3588,37,37
3589,3589,37,37
3186,3186,43,43
3594,3594,31,31
3594,3594,43,43
3595,3595,31,31
3595,3595,43,43
3205,3205,37,37
3217,3217,37,37
3218,3218,37,37
3605,3605,37,37
3222,3222,37,37
3224,3224,101,101
3610,3610,31,31
3613,3613,37,37
3614,3614,31,31
3257,3257,37,37
3258,3258,31,31
3265,3265,31,31
3621,3621,31,31
3622,3622,31,31
101633,101633,31,31
3622,3622,101,101
3265,3265,43,43
3294,3294,31,31
3294,3294,34,34
3629,3629,37,37
3630,3630,37,37
3297,3297,31,31
3632,3632,43,43
3637,3637,37,37
3297,3297,43,43
3305,3305,31,31
3308,3308,43,43
3309,3309,35,35
3649,3649,37,37
3650,3650,37,37
3309,3309,101,101
3315,3315,36,36
3316,3316,31,31
3656,3656,37,37
3316,3316,36,36
3316,3316,43,43
3316,3316,101,101
3660,3660,37,37
3319,3319,31,31
3319,3319,43,43
3322,3322,31,31
3322,3322,101,101
3325,3325,101,101
3326,3326,37,37
3327,3327,42,42
3340,3340,37,37
1045,1045,31,31
3348,3348,35,35
3350,3350,37,37
3681,3681,37,37
1045,1045,43,43
3355,3355,37,37
3356,3356,31,31
3357,3357,31,31
3357,3357,101,101
3363,3363,37,37
3370,3370,37,37
3698,3698,31,31
3699,3699,31,31
3390,3390,37,37
3703,3703,37,37
3393,3393,31,31
3393,3393,35,35
3708,3708,31,31
3708,3708,32,32
3708,3708,33,33
3715,3715,37,37
3393,3393,101,101
3394,3394,34,34
3400,3400,31,31
3400,3400,43,43
3724,3724,32,32
3725,3725,37,37
3728,3728,43,43
3416,3416,101,101
3733,3733,37,37
3419,3419,31,31
3735,3735,31,31
3430,3430,37,37
3737,3737,101,101
3738,3738,31,31
3436,3436,37,37
3437,3437,37,37
3441,3441,37,37
3742,3742,31,31
3449,3449,31,31
3746,3746,37,37
3750,3750,37,37
3449,3449,43,43
37436,37436,43,43
3753,3753,37,37
3754,3754,38,38
37436,37436,101,101
3452,3452,31,31
3452,3452,43,43
3453,3453,37,37
3766,3766,101,101
3767,3767,43,43
3456,3456,43,43
3769,3769,40,40
3457,3457,37,37
3460,3460,101,101
3461,3461,31,31
3461,3461,43,43
3462,3462,43,43
3477,3477,31,31
3485,3485,37,37
39765,39765,37,37
3486,3486,37,37
3793,3793,43,43
3794,3794,31,31
3794,3794,34,34
3490,3490,37,37
3493,3493,31,31
3797,3797,31,31
3493,3493,43,43
3499,3499,31,31
3499,3499,43,43
3502,3502,31,31
3805,3805,37,37
3504,3504,37,37
3811,3811,37,37
3505,3505,37,37
3506,3506,31,31
3506,3506,43,43
3815,3815,37,37
3507,3507,31,31
3817,3817,101,101
3818,3818,31,31
3819,3819,31,31
50401,50401,101,101
56690,56690,31,31
56690,56690,35,35
3507,3507,43,43
3509,3509,101,101
3511,3511,37,37
3513,3513,31,31
3513,3513,43,43
3516,3516,37,37
3826,3826,37,37
3517,3517,37,37
3518,3518,37,37
3829,3829,37,37
3519,3519,37,37
3520,3520,101,101
3522,3522,101,101
3525,3525,37,37
3526,3526,31,31
3526,3526,43,43
3840,3840,43,43
3841,3841,31,31
3841,3841,43,43
3842,3842,37,37
3844,3844,37,37
938,938,43,43
3848,3848,31,31
3848,3848,43,43
3849,3849,31,31
938,938,36,36
3855,3855,37,37
3856,3856,37,37
3860,3860,31,31
3861,3861,31,31
18033,18033,35,35
3863,3863,31,31
3863,3863,43,43
3864,3864,31,31
3864,3864,43,43
3527,3527,37,37
3528,3528,31,31
3528,3528,43,43
3529,3529,101,101
1044,1044,31,31
1044,1044,43,43
3533,3533,31,31
622,622,42,42
3533,3533,43,43
3535,3535,43,43
3882,3882,31,31
3535,3535,101,101
3536,3536,31,31
3887,3887,37,37
3888,3888,31,31
3891,3891,31,31
3891,3891,43,43
3536,3536,43,43
3537,3537,37,37
3540,3540,37,37
3544,3544,31,31
3548,3548,43,43
3898,3898,37,37
3549,3549,31,31
3549,3549,43,43
3904,3904,37,37
3550,3550,31,31
3550,3550,43,43
3908,3908,31,31
3552,3552,101,101
3553,3553,37,37
3554,3554,101,101
3555,3555,35,35
3557,3557,42,42
3564,3564,101,101
3565,3565,43,43
3568,3568,37,37
3922,3922,37,37
3569,3569,31,31
3924,3924,37,37
3569,3569,43,43
3929,3929,37,37
8321,8321,34,34
3579,3579,37,37
3934,3934,31,31
3934,3934,43,43
3935,3935,43,43
3581,3581,37,37
3937,3937,37,37
3582,3582,37,37
3942,3942,31,31
3942,3942,43,43
3945,3945,31,31
3945,3945,43,43
3946,3946,31,31
3946,3946,43,43
3583,3583,31,31
3952,3952,43,43
3585,3585,43,43
3587,3587,101,101
3590,3590,37,37
3959,3959,31,31
3960,3960,37,37
3602,3602,31,31
3602,3602,43,43
3604,3604,43,43
3606,3606,37,37
3609,3609,31,31
3615,3615,31,31
3618,3618,43,43
3619,3619,43,43
3627,3627,35,35
3627,3627,101,101
3631,3631,37,37
3645,3645,101,101
3647,3647,101,101
3975,3975,37,37
3978,3978,31,31
3978,3978,43,43
3979,3979,37,37
3980,3980,37,37
3653,3653,37,37
3984,3984,31,31
3655,3655,37,37
3657,3657,37,37
3658,3658,31,31
3658,3658,37,37
3662,3662,42,42
3996,3996,37,37
3669,3669,101,101
3670,3670,37,37
3671,3671,37,37
4001,4001,37,37
4002,4002,37,37
3672,3672,31,31
3672,3672,43,43
4013,4013,31,31
4013,4013,34,34
4013,4013,43,43
4014,4014,37,37
8321,8321,43,43
4017,4017,31,31
4018,4018,31,31
3673,3673,37,37
4020,4020,31,31
3674,3674,37,37
3676,3676,37,37
3677,3677,37,37
4026,4026,31,31
4026,4026,42,42
3678,3678,37,37
56690,56690,101,101
3687,3687,37,37
3689,3689,31,31
3689,3689,37,37
3691,3691,37,37
3692,3692,37,37
3693,3693,37,37
3695,3695,31,31
3696,3696,37,37
3700,3700,37,37
4044,4044,31,31
4044,4044,43,43
3705,3705,37,37
3719,3719,37,37
3720,3720,37,37
3722,3722,31,31
3722,3722,43,43
4054,4054,37,37
3730,3730,34,34
4058,4058,31,31
4059,4059,37,37
4060,4060,101,101
3732,3732,31,31
4063,4063,37,37
4064,4064,37,37
4066,4066,37,37
3732,3732,43,43
3734,3734,37,37
3739,3739,43,43
3740,3740,36,36
3741,3741,37,37
4075,4075,37,37
4076,4076,37,37
3743,3743,37,37
4078,4078,31,31
3751,3751,43,43
3757,3757,37,37
3758,3758,43,43
3759,3759,37,37
4084,4084,37,37
4085,4085,42,42
3763,3763,101,101
4087,4087,36,36
3765,3765,37,37
3768,3768,37,37
3770,3770,37,37
4094,4094,36,36
4095,4095,37,37
3774,3774,34,34
3786,3786,31,31
956,956,37,37
4260,4260,33,33
4281,4281,32,32
4282,4282,33,33
4283,4283,31,31
4345,4345,37,37
3786,3786,101,101
98091,98091,43,43
98091,98091,36,36
98333,98333,36,36
101770,101770,101,101
4375,4375,40,40
4375,4375,41,41
3787,3787,37,37
3788,3788,37,37
1043,1043,31,31
3792,3792,37,37
3795,3795,31,31
3796,3796,31,31
4381,4381,31,31
4382,4382,43,43
4383,4383,37,37
3803,3803,37,37
3804,3804,37,37
4005,4005,37,37
11893,11893,37,37
4412,4412,31,31
4412,4412,43,43
4412,4412,101,101
4413,4413,31,31
4413,4413,43,43
953,953,37,37
4417,4417,31,31
4418,4418,40,40
18758,18758,37,37
14074,14074,37,37
10794,10794,37,37
3806,3806,31,31
27067,27067,31,31
4508,4508,33,33
737,737,37,37
3813,3813,37,37
3814,3814,37,37
3748,3748,37,37
3816,3816,31,31
3821,3821,31,31
3822,3822,31,31
3822,3822,36,36
3823,3823,31,31
1043,1043,42,42
3827,3827,37,37
3828,3828,31,31
3830,3830,31,31
3837,3837,37,37
3838,3838,31,31
3838,3838,43,43
3839,3839,31,31
3843,3843,31,31
3850,3850,37,37
3851,3851,36,36
3851,3851,41,41
3854,3854,36,36
3862,3862,101,101
3866,3866,43,43
3867,3867,101,101
3868,3868,37,37
3869,3869,42,42
3870,3870,31,31
3874,3874,31,31
3874,3874,43,43
3875,3875,31,31
3875,3875,42,42
9559,9559,37,37
3877,3877,42,42
37855,37855,31,31
3883,3883,43,43
9187,9187,31,31
4071,4071,37,37
9187,9187,43,43
3886,3886,101,101
3892,3892,37,37
3893,3893,43,43
3894,3894,37,37
3896,3896,37,37
3900,3900,36,36
3900,3900,101,101
3907,3907,31,31
4082,4082,37,37
3913,3913,37,37
3914,3914,31,31
3914,3914,43,43
3931,3931,37,37
3917,3917,31,31
3918,3918,31,31
3918,3918,43,43
505,505,31,31
505,505,43,43
3919,3919,37,37
3920,3920,37,37
3925,3925,37,37
3928,3928,31,31
3933,3933,37,37
3936,3936,37,37
3938,3938,31,31
3948,3948,37,37
3954,3954,31,31
3954,3954,43,43
3958,3958,37,37
3961,3961,31,31
3961,3961,43,43
3962,3962,37,37
3963,3963,43,43
3964,3964,42,42
3965,3965,42,42
3965,3965,43,43
3967,3967,43,43
3968,3968,37,37
3969,3969,35,35
3970,3970,37,37
104790,104790,36,36
3974,3974,31,31
3974,3974,43,43
8327,8327,37,37
3977,3977,37,37
8328,8328,43,43
8329,8329,31,31
8329,8329,43,43
3981,3981,37,37
3983,3983,37,37
3985,3985,37,37
3987,3987,31,31
3990,3990,31,31
3994,3994,31,31
3997,3997,37,37
3999,3999,43,43
4000,4000,37,37
4004,4004,31,31
4007,4007,37,37
4016,4016,101,101
4019,4019,31,31
4021,4021,31,31
50137,50137,31,31
4021,4021,42,42
8446,8446,31,31
4029,4029,37,37
4031,4031,42,42
4032,4032,37,37
4033,4033,40,40
10498,10498,37,37
50137,50137,43,43
50178,50178,31,31
4037,4037,36,36
4039,4039,31,31
4040,4040,31,31
4041,4041,37,37
4050,4050,37,37
4052,4052,31,31
4053,4053,37,37
4057,4057,37,37
4068,4068,34,34
4069,4069,37,37
4070,4070,35,35
4072,4072,37,37
4073,4073,34,34
4077,4077,37,37
4080,4080,31,31
4083,4083,37,37
4086,4086,37,37
10573,10573,31,31
10573,10573,43,43
4088,4088,37,37
4093,4093,35,35
4093,4093,36,36
4096,4096,31,31
4096,4096,43,43
870,870,35,35
4376,4376,31,31
4377,4377,37,37
4378,4378,35,35
4378,4378,101,101
4379,4379,34,34
4380,4380,37,37
50164,50164,35,35
10865,10865,37,37
4396,4396,37,37
3628,3628,31,31
3628,3628,43,43
14076,14076,37,37
134,134,43,43
134,134,35,35
134,134,36,36
8463,8463,31,31
8463,8463,43,43
8521,8521,31,31
8521,8521,43,43
8521,8521,35,35
8521,8521,36,36
11395,11395,31,31
11395,11395,43,43
11395,11395,101,101
23217,23217,101,101
16191,16191,101,101
14298,14298,31,31
14298,14298,35,35
21878,21878,35,35
30638,30638,37,37
3423,3423,37,37
12028,12028,42,42
33988,33988,35,35
23659,23659,37,37
9829,9829,37,37
16516,16516,37,37
24878,24878,101,101
10033,10033,31,31
10033,10033,43,43
359,359,36,36
3359,3359,36,36
3359,3359,101,101
3360,3360,37,37
2909,2909,34,34
9551,9551,31,31
9551,9551,43,43
10574,10574,31,31
8935,8935,31,31
8935,8935,43,43
8935,8935,36,36
557,557,31,31
925,925,101,101
10497,10497,37,37
10033,10033,35,35
10033,10033,36,36
9076,9076,101,101
8887,8887,42,42
8729,8729,36,36
10664,10664,42,42
4062,4062,37,37
4023,4023,36,36
10733,10733,43,43
4389,4389,35,35
4389,4389,36,36
4389,4389,40,40
4389,4389,41,41
3966,3966,43,43
3927,3927,37,37
3885,3885,36,36
3831,3831,37,37
4034,4034,40,40
4034,4034,41,41
3824,3824,37,37
3736,3736,37,37
3530,3530,37,37
3521,3521,101,101
3426,3426,37,37
3402,3402,36,36
3402,3402,101,101
3139,3139,31,31
3139,3139,43,43
3328,3328,43,43
4387,4387,37,37
2608,2608,31,31
2608,2608,43,43
2735,2735,31,31
2941,2941,101,101
2899,2899,42,42
557,557,43,43
1085,1085,34,34
1069,1069,101,101
1075,1075,101,101
1172,1172,37,37
2350,2350,31,31
557,557,101,101
2372,2372,37,37
803,803,36,36
803,803,37,37
763,763,42,42
911,911,43,43
888,888,31,31
40369,40369,43,43
833,833,36,36
828,828,34,34
673,673,36,36
676,676,42,42
932,932,37,37
782,782,42,42
2370,2370,101,101
766,766,43,43
766,766,36,36
766,766,42,42
485,485,34,34
480,480,37,37
508,508,34,34
490,490,101,101
644,644,31,31
562,562,37,37
594,594,37,37
113,113,34,34
113,113,43,43
113,113,101,101
618,618,43,43
422,422,36,36
420,420,37,37
419,419,34,34
421,421,37,37
1129,1129,37,37
423,423,36,36
423,423,101,101
423,423,41,41
961,961,101,101
463,463,43,43
463,463,101,101
50164,50164,36,36
453,453,34,34
468,468,37,37
105,105,101,101
278,278,101,101
147,147,101,101
110,110,36,36
110,110,101,101
273,273,101,101
20,20,34,34
268,268,101,101
24950,24950,37,37
26228,26228,37,37
26229,26229,43,43
31686,31686,31,31
33988,33988,36,36
29357,29357,42,42
13165,13165,37,37
50164,50164,41,41
27104,27104,37,37
31503,31503,42,42
33785,33785,42,42
33971,33971,37,37
31163,31163,37,37
36049,36049,37,37
31168,31168,37,37
2355,2355,36,36
33108,33108,101,101
2355,2355,101,101
31330,31330,101,101
27534,27534,37,37
29524,29524,36,36
2296,2296,37,37
29252,29252,34,34
29647,29647,36,36
27512,27512,31,31
36335,36335,37,37
64,64,43,43
2261,2261,37,37
50458,50458,36,36
28332,28332,31,31
28332,28332,43,43
28332,28332,42,42
35655,35655,37,37
31430,31430,37,37
28867,28867,101,101
36668,36668,101,101
11896,11896,34,34
29943,29943,37,37
101633,101633,43,43
2522,2522,101,101
2323,2323,37,37
2436,2436,36,36
2500,2500,37,37
29677,29677,36,36
3825,3825,37,37
31531,31531,101,101
31619,31619,31,31
31619,31619,34,34
31619,31619,43,43
31619,31619,35,35
31619,31619,36,36
31619,31619,40,40
3121,3121,37,37
31455,31455,101,101
31935,31935,42,42
1082,1082,35,35
24756,24756,43,43
1082,1082,36,36
1082,1082,101,101
1059,1059,43,43
1059,1059,101,101
1060,1060,31,31
1060,1060,35,35
31972,31972,37,37
33986,33986,31,31
33545,33545,31,31
33545,33545,101,101
32078,32078,40,40
31553,31553,31,31
32043,32043,37,37
2070,2070,37,37
32732,32732,31,31
3973,3973,37,37
31329,31329,37,37
33579,33579,36,36
4035,4035,31,31
35471,35471,42,42
600,600,101,101
34255,34255,36,36
28614,28614,37,37
34269,34269,37,37
26265,26265,37,37
29550,29550,37,37
30439,30439,36,36
30439,30439,42,42
34359,34359,43,43
34360,34360,37,37
33147,33147,101,101
29246,29246,35,35
30383,30383,42,42
30735,30735,31,31
30735,30735,43,43
2400,2400,37,37
34461,34461,31,31
34461,34461,34,34
34461,34461,43,43
33120,33120,101,101
33540,33540,101,101
25966,25966,31,31
25966,25966,43,43
25966,25966,42,42
31447,31447,42,42
34217,34217,43,43
33418,33418,101,101
33418,33418,37,37
34714,34714,101,101
35898,35898,43,43
3879,3879,36,36
2377,2377,101,101
2342,2342,37,37
33112,33112,101,101
2386,2386,43,43
2386,2386,101,101
2528,2528,101,101
3450,3450,32,32
3450,3450,36,36
3450,3450,42,42
1049,1049,101,101
1049,1049,37,37
1160,1160,31,31
1160,1160,32,32
1160,1160,101,101
3654,3654,101,101
1052,1052,37,37
1074,1074,36,36
1058,1058,31,31
1058,1058,43,43
1058,1058,101,101
1077,1077,37,37
1163,1163,36,36
1163,1163,40,40
1163,1163,41,41
2010,2010,31,31
1165,1165,101,101
2108,2108,36,36
2108,2108,101,101
1159,1159,101,101
1174,1174,101,101
1168,1168,43,43
1168,1168,35,35
1168,1168,101,101
2026,2026,101,101
2039,2039,31,31
2041,2041,42,42
2174,2174,37,37
2137,2137,43,43
2150,2150,37,37
903,903,43,43
905,905,37,37
919,919,34,34
1078,1078,37,37
854,854,34,34
857,857,31,31
846,846,42,42
858,858,34,34
862,862,36,36
862,862,101,101
864,864,101,101
864,864,37,37
856,856,42,42
845,845,42,42
885,885,101,101
2202,2202,101,101
2133,2133,101,101
2143,2143,31,31
887,887,36,36
887,887,101,101
893,893,36,36
893,893,101,101
892,892,35,35
892,892,101,101
2018,2018,35,35
2018,2018,101,101
1046,1046,35,35
1046,1046,101,101
904,904,101,101
920,920,43,43
920,920,101,101
949,949,43,43
949,949,42,42
880,880,31,31
880,880,43,43
880,880,101,101
748,748,37,37
806,806,31,31
806,806,43,43
806,806,101,101
808,808,43,43
808,808,35,35
752,752,43,43
838,838,37,37
840,840,37,37
823,823,37,37
790,790,34,34
698,698,34,34
699,699,37,37
928,928,36,36
927,927,37,37
930,930,37,37
936,936,37,37
945,945,37,37
1004,1004,37,37
654,654,31,31
654,654,34,34
796,796,31,31
796,796,43,43
796,796,101,101
809,809,101,101
832,832,36,36
832,832,101,101
826,826,43,43
826,826,101,101
827,827,101,101
4158,4158,37,37
8325,8325,31,31
8325,8325,43,43
4081,4081,37,37
4051,4051,101,101
4047,4047,37,37
4027,4027,37,37
4038,4038,31,31
4364,4364,37,37
4049,4049,37,37
3906,3906,43,43
3876,3876,36,36
3791,3791,31,31
3897,3897,37,37
3789,3789,37,37
3790,3790,37,37
3752,3752,37,37
3686,3686,37,37
3648,3648,34,34
3576,3576,101,101
3531,3531,31,31
3531,3531,43,43
651,651,36,36
651,651,101,101
645,645,31,31
645,645,43,43
642,642,31,31
642,642,43,43
642,642,101,101
842,842,31,31
643,643,42,42
39766,39766,37,37
682,682,31,31
682,682,101,101
940,940,101,101
711,711,31,31
711,711,43,43
50092,50092,37,37
711,711,35,35
711,711,36,36
711,711,42,42
705,705,31,31
705,705,43,43
626,626,43,43
626,626,42,42
753,753,31,31
923,923,31,31
923,923,101,101
829,829,32,32
829,829,42,42
824,824,36,36
775,775,31,31
775,775,35,35
775,775,101,101
791,791,36,36
791,791,101,101
773,773,101,101
772,772,101,101
767,767,31,31
767,767,101,101
553,553,31,31
553,553,43,43
553,553,101,101
547,547,31,31
811,811,43,43
811,811,101,101
801,801,31,31
801,801,101,101
762,762,101,101
563,563,43,43
709,709,31,31
709,709,43,43
709,709,35,35
709,709,101,101
717,717,31,31
717,717,35,35
717,717,36,36
717,717,101,101
714,714,42,42
931,931,43,43
931,931,35,35
931,931,36,36
931,931,101,101
681,681,42,42
935,935,101,101
648,648,43,43
648,648,101,101
653,653,36,36
653,653,101,101
37291,37291,37,37
3073,3073,31,31
3073,3073,43,43
3512,3512,37,37
3372,3372,37,37
3134,3134,37,37
3343,3343,43,43
3138,3138,37,37
3264,3264,101,101
3055,3055,37,37
2309,2309,37,37
2012,2012,43,43
2012,2012,101,101
1173,1173,37,37
1070,1070,34,34
855,855,37,37
844,844,101,101
759,759,101,101
789,789,37,37
697,697,37,37
655,655,101,101
679,679,36,36
679,679,101,101
675,675,36,36
675,675,101,101
3351,3351,37,37
677,677,35,35
677,677,42,42
3422,3422,37,37
3084,3084,31,31
3084,3084,35,35
3084,3084,36,36
3084,3084,101,101
50471,50471,36,36
50414,50414,31,31
50414,50414,101,101
3802,3802,31,31
3802,3802,43,43
50191,50191,35,35
50191,50191,36,36
50524,50524,36,36
50524,50524,37,37
58192,58192,43,43
45988,45988,35,35
37861,37861,101,101
45100,45100,43,43
50207,50207,37,37
1051,1051,37,37
47947,47947,42,42
85,85,31,31
85,85,34,34
85,85,43,43
85,85,42,42
49370,49370,43,43
915,915,43,43
46346,46346,43,43
46346,46346,40,40
46383,46383,31,31
49543,49543,43,43
3820,3820,31,31
3820,3820,43,43
3820,3820,36,36
8029,8029,43,43
608,608,101,101
3684,3684,31,31
30436,30436,31,31
30436,30436,43,43
30436,30436,36,36
30436,30436,42,42
49741,49741,31,31
49754,49754,37,37
104,104,101,101
81834,81834,31,31
807,807,42,42
3624,3624,37,37
33702,33702,31,31
36840,36840,33,33
49081,49081,37,37
4415,4415,31,31
84755,84755,43,43
84755,84755,35,35
84755,84755,36,36
49776,49776,31,31
49776,49776,43,43
50490,50490,37,37
89131,89131,31,31
89131,89131,33,33
89131,89131,101,101
85152,85152,31,31
85152,85152,43,43
85152,85152,101,101
82311,82311,31,31
82311,82311,36,36
50130,50130,37,37
25821,25821,37,37
46312,46312,37,37
21835,21835,31,31
94737,94737,36,36
46419,46419,31,31
46419,46419,43,43
46419,46419,40,40
50121,50121,36,36
95406,95406,101,101
476,476,31,31
49876,49876,43,43
49107,49107,37,37
49724,49724,31,31
55666,55666,34,34
3834,3834,31,31
532,532,31,31
506,506,31,31
506,506,101,101
1144,1144,31,31
1144,1144,43,43
451,451,42,42
90877,90877,31,31
90877,90877,101,101
464,464,31,31
464,464,43,43
486,486,37,37
484,484,43,43
484,484,101,101
491,491,101,101
497,497,101,101
495,495,43,43
495,495,101,101
502,502,37,37
1150,1150,37,37
1151,1151,37,37
528,528,31,31
528,528,101,101
466,466,35,35
466,466,42,42
465,465,34,34
1142,1142,37,37
1138,1138,37,37
472,472,35,35
439,439,37,37
311,311,31,31
311,311,101,101
430,430,31,31
430,430,43,43
430,430,101,101
432,432,31,31
432,432,43,43
432,432,101,101
433,433,31,31
433,433,43,43
433,433,101,101
101137,101137,31,31
101137,101137,43,43
101137,101137,101,101
93513,93513,31,31
93513,93513,43,43
93513,93513,35,35
437,437,31,31
437,437,101,101
418,418,37,37
93513,93513,36,36
93513,93513,101,101
434,434,31,31
434,434,43,43
434,434,101,101
435,435,43,43
1134,1134,37,37
1131,1131,37,37
93513,93513,42,42
95158,95158,43,43
50088,50088,35,35
95158,95158,36,36
95158,95158,101,101
95407,95407,31,31
96796,96796,37,37
104792,104792,43,43
104792,104792,101,101
100617,100617,31,31
100623,100623,35,35
101630,101630,37,37
101979,101979,42,42
49306,49306,37,37
49307,49307,37,37
103381,103381,101,101
49629,49629,37,37
104426,104426,31,31
972,972,37,37
4374,4374,36,36
103383,103383,37,37
971,971,43,43
971,971,101,101
104248,104248,34,34
104244,104244,37,37
1119,1119,33,33
104435,104435,36,36
3909,3909,37,37
726,726,37,37
59957,59957,37,37
106035,106035,36,36
49143,49143,37,37
101259,101259,41,41
25215,25215,31,31
25215,25215,43,43
10575,10575,101,101
107563,107563,37,37
1037,1037,101,101
992,992,43,43
993,993,43,43
50189,50189,35,35
50189,50189,36,36
4386,4386,37,37
4,4,31,31
4,4,32,32
989,989,37,37
985,985,37,37
998,998,37,37
1008,1008,43,43
1008,1008,37,37
50212,50212,34,34
366,366,31,31
366,366,35,35
366,366,42,42
50236,50236,43,43
50236,50236,36,36
50236,50236,101,101
376,376,43,43
376,376,101,101
1121,1121,43,43
1121,1121,37,37
4373,4373,36,36
4373,4373,101,101
384,384,31,31
384,384,43,43
384,384,101,101
50128,50128,42,42
46284,46284,42,42
48216,48216,31,31
48216,48216,43,43
46945,46945,37,37
1107,1107,37,37
1111,1111,37,37
1099,1099,37,37
352,352,101,101
49082,49082,37,37
47459,47459,34,34
44238,44238,34,34
46937,46937,31,31
46937,46937,43,43
46937,46937,35,35
46937,46937,36,36
49862,49862,42,42
50011,50011,36,36
49942,49942,37,37
46285,46285,31,31
50244,50244,43,43
50244,50244,35,35
184,184,31,31
184,184,101,101
116,116,31,31
116,116,101,101
253,253,36,36
1010,1010,43,43
1010,1010,101,101
1010,1010,41,41
1030,1030,41,41
1024,1024,31,31
1024,1024,43,43
1024,1024,101,101
133,133,31,31
1032,1032,31,31
1032,1032,101,101
50126,50126,31,31
50126,50126,43,43
50126,50126,101,101
50065,50065,31,31
50065,50065,43,43
118,118,31,31
118,118,43,43
577,577,35,35
577,577,36,36
50003,50003,31,31
50003,50003,43,43
50003,50003,36,36
49014,49014,101,101
74,74,101,101
74,74,37,37
49681,49681,36,36
957,957,31,31
957,957,34,34
957,957,43,43
568,568,36,36
568,568,101,101
1041,1041,43,43
1041,1041,36,36
1041,1041,101,101
583,583,36,36
583,583,37,37
329,329,35,35
329,329,36,36
329,329,101,101
585,585,31,31
571,571,31,31
571,571,32,32
571,571,43,43
571,571,101,101
587,587,101,101
587,587,37,37
81,81,34,34
254,254,31,31
254,254,42,42
1095,1095,31,31
1095,1095,101,101
280,280,101,101
1114,1114,37,37
50204,50204,37,37
50163,50163,31,31
50163,50163,43,43
50163,50163,35,35
50258,50258,37,37
48545,48545,37,37
49050,49050,31,31
49050,49050,43,43
98092,98092,41,41
49317,49317,35,35
49317,49317,36,36
49317,49317,37,37
49317,49317,42,42
50235,50235,43,43
49755,49755,43,43
49755,49755,36,36
49914,49914,36,36
50210,50210,34,34
351,351,36,36
351,351,101,101
351,351,41,41
49783,49783,31,31
49783,49783,43,43
50199,50199,43,43
9088,9088,37,37
63,63,37,37
98697,98697,36,36
50265,50265,31,31
50265,50265,43,43
50278,50278,37,37
50263,50263,37,37
411,411,43,43
122,122,37,37
394,394,43,43
401,401,34,34
403,403,31,31
403,403,43,43
392,392,37,37
1103,1103,37,37
145,145,101,101
1104,1104,31,31
1104,1104,37,37
189,189,101,101
235,235,31,31
235,235,101,101
255,255,101,101
4384,4384,43,43
4384,4384,101,101
1117,1117,37,37
100013,100013,43,43
50282,50282,35,35
31495,31495,101,101
31495,31495,40,40
31554,31554,31,31
31554,31554,101,101
48186,48186,36,36
50262,50262,31,31
50262,50262,43,43
50262,50262,35,35
33233,33233,42,42
31236,31236,37,37
34446,34446,42,42
50274,50274,35,35
33234,33234,101,101
33234,33234,42,42
2889,2889,42,42
2939,2939,43,43
2939,2939,42,42
100621,100621,37,37
50276,50276,37,37
405,405,43,43
613,613,37,37
50302,50302,31,31
50302,50302,43,43
50134,50134,31,31
50134,50134,43,43
50134,50134,35,35
50134,50134,101,101
1029,1029,37,37
2508,2508,37,37
50371,50371,37,37
100653,100653,37,37
100634,100634,31,31
50390,50390,36,36
101262,101262,43,43
101262,101262,36,36
49944,49944,37,37
50091,50091,31,31
50091,50091,43,43
50091,50091,35,35
50091,50091,36,36
50431,50431,34,34
101975,101975,31,31
101975,101975,43,43
101975,101975,37,37
3367,3367,35,35
3367,3367,101,101
50403,50403,31,31
50403,50403,35,35
50391,50391,35,35
50391,50391,36,36
50391,50391,37,37
3470,3470,37,37
50493,50493,37,37
211,211,35,35
211,211,101,101
2199,2199,35,35
2199,2199,36,36
50451,50451,101,101
50208,50208,101,101
3812,3812,37,37
90872,90872,31,31
90872,90872,101,101
102399,102399,101,101
83975,83975,37,37
85151,85151,31,31
85151,85151,43,43
85151,85151,36,36
101139,101139,34,34
89491,89491,37,37
89488,89488,101,101
88774,88774,31,31
88774,88774,43,43
88774,88774,35,35
88774,88774,36,36
103994,103994,37,37
634,634,31,31
634,634,34,34
114454,114454,43,43
114466,114466,32,32
114466,114466,33,33
114466,114466,34,34
981,981,31,31
114510,114510,36,36
112651,112651,37,37
114518,114518,34,34
109400,109400,36,36
109400,109400,101,101
109400,109400,42,42
109402,109402,101,101
104941,104941,31,31
106939,106939,35,35
106939,106939,101,101
112238,112238,37,37
108564,108564,40,40
112621,112621,42,42
112369,112369,37,37
112376,112376,31,31
112376,112376,101,101
114455,114455,37,37
40,40,31,31
40,40,37,37
107564,107564,42,42
108559,108559,37,37
104692,104692,101,101
107726,107726,101,101
114567,114567,37,37
106427,106427,31,31
106427,106427,101,101
112642,112642,31,31
112642,112642,101,101
90875,90875,31,31
90875,90875,101,101
106428,106428,36,36
114563,114563,32,32
114536,114536,31,31
114536,114536,43,43
114456,114456,42,42
114584,114584,31,31
114584,114584,42,42
114587,114587,37,37
3131,3131,36,36
3131,3131,101,101
