accident_id,0,injury_id,1
3642,3642,0,0
3,3,0,0
3923,3923,0,0
6,6,0,0
7,7,0,0
18286,18286,0,0
3468,3468,58,58
3467,3467,56,56
11399,11399,0,0
12,12,53,53
13,13,0,0
8948,8948,0,0
16,16,0,0
17,17,0,0
938,938,0,0
21,21,0,0
22,22,59,59
2514,2514,0,0
24,24,0,0
26,26,0,0
27,27,0,0
8321,8321,0,0
30,30,0,0
32,32,0,0
3992,3992,0,0
34,34,53,53
35,35,0,0
88,88,0,0
3755,3755,0,0
3707,3707,0,0
39,39,0,0
3223,3223,0,0
3092,3092,0,0
2745,2745,0,0
8396,8396,0,0
11805,11805,0,0
48,48,0,0
52,52,52,52
16848,16848,0,0
8874,8874,0,0
57,57,52,52
59,59,51,51
1,1,0,0
2,2,0,0
62,62,0,0
8,8,0,0
5,5,0,0
65,65,0,0
67,67,0,0
9,9,0,0
69,69,0,0
10,10,52,52
71,71,0,0
11,11,51,51
11,11,52,52
14,14,0,0
15,15,0,0
78,78,52,52
18,18,0,0
80,80,0,0
19,19,0,0
82,82,0,0
83,83,0,0
84,84,0,0
23,23,0,0
86,86,0,0
87,87,0,0
25,25,52,52
28,28,0,0
29,29,0,0
95,95,52,52
99,99,0,0
100,100,0,0
31,31,0,0
33,33,0,0
106,106,53,53
36,36,54,54
37,37,52,52
112,112,59,59
37,37,54,54
114,114,59,59
115,115,59,59
38,38,0,0
117,117,53,53
50486,50486,54,54
119,119,56,56
120,120,54,54
41,41,0,0
42,42,0,0
146,146,0,0
148,148,59,59
43,43,0,0
151,151,59,59
152,152,0,0
44,44,0,0
159,159,59,59
162,162,0,0
46,46,0,0
164,164,0,0
47,47,0,0
175,175,0,0
49,49,54,54
178,178,59,59
181,181,0,0
50,50,0,0
183,183,56,56
51,51,0,0
53,53,52,52
190,190,56,56
191,191,0,0
192,192,0,0
54,54,0,0
195,195,51,51
56,56,0,0
202,202,0,0
204,204,56,56
205,205,58,58
206,206,59,59
207,207,57,57
209,209,54,54
212,212,51,51
217,217,55,55
58,58,0,0
60,60,0,0
61,61,54,54
223,223,59,59
224,224,59,59
227,227,54,54
228,228,58,58
66,66,0,0
68,68,0,0
240,240,54,54
245,245,59,59
246,246,53,53
247,247,59,59
248,248,59,59
249,249,56,56
252,252,56,56
70,70,0,0
73,73,0,0
256,256,0,0
257,257,56,56
75,75,0,0
77,77,0,0
79,79,0,0
269,269,56,56
270,270,58,58
92,92,0,0
275,275,0,0
93,93,0,0
94,94,0,0
97,97,0,0
58181,58181,0,0
283,283,56,56
101,101,0,0
102,102,0,0
291,291,53,53
294,294,51,51
298,298,56,56
300,300,51,51
301,301,51,51
302,302,59,59
109,109,0,0
304,304,54,54
305,305,59,59
307,307,54,54
308,308,59,59
132,132,0,0
143,143,0,0
317,317,59,59
318,318,0,0
50518,50518,55,55
335,335,56,56
337,337,56,56
338,338,56,56
149,149,0,0
340,340,56,56
341,341,56,56
155,155,56,56
344,344,54,54
345,345,54,54
163,163,0,0
348,348,59,59
350,350,0,0
176,176,0,0
355,355,0,0
182,182,0,0
9171,9171,57,57
360,360,54,54
16367,16367,0,0
18081,18081,0,0
25164,25164,0,0
370,370,0,0
21392,21392,0,0
374,374,0,0
3895,3895,54,54
381,381,56,56
383,383,0,0
3845,3845,59,59
2374,2374,0,0
4009,4009,0,0
395,395,54,54
3773,3773,0,0
398,398,53,53
399,399,51,51
400,400,54,54
2265,2265,0,0
3306,3306,0,0
3074,3074,0,0
50560,50560,0,0
50328,50328,0,0
50193,50193,0,0
50135,50135,0,0
62905,62905,0,0
50179,50179,0,0
18758,18758,55,55
406,406,0,0
407,407,0,0
408,408,0,0
409,409,0,0
14074,14074,53,53
50352,50352,53,53
193,193,54,54
219,219,0,0
220,220,52,52
221,221,0,0
229,229,0,0
424,424,0,0
425,425,0,0
426,426,0,0
238,238,0,0
428,428,0,0
46712,46712,59,59
431,431,0,0
101136,101136,0,0
953,953,0,0
258,258,56,56
264,264,58,58
436,436,53,53
272,272,56,56
276,276,54,54
441,441,0,0
442,442,0,0
443,443,52,52
444,444,59,59
279,279,0,0
447,447,0,0
288,288,0,0
289,289,0,0
452,452,53,53
299,299,54,54
454,454,0,0
455,455,0,0
303,303,0,0
459,459,0,0
11893,11893,0,0
462,462,0,0
314,314,0,0
315,315,54,54
316,316,0,0
339,339,0,0
467,467,0,0
343,343,56,56
347,347,54,54
471,471,0,0
354,354,0,0
474,474,0,0
475,475,0,0
367,367,54,54
478,478,0,0
479,479,52,52
481,481,0,0
481,481,52,52
482,482,51,51
368,368,0,0
369,369,0,0
372,372,0,0
488,488,0,0
377,377,0,0
378,378,0,0
492,492,0,0
380,380,0,0
382,382,0,0
498,498,0,0
499,499,0,0
500,500,0,0
501,501,53,53
503,503,0,0
387,387,0,0
509,509,0,0
388,388,53,53
511,511,0,0
512,512,0,0
397,397,53,53
516,516,52,52
518,518,0,0
402,402,0,0
521,521,0,0
522,522,54,54
525,525,0,0
410,410,0,0
412,412,0,0
533,533,0,0
414,414,0,0
415,415,52,52
537,537,0,0
538,538,0,0
417,417,0,0
546,546,54,54
548,548,51,51
549,549,55,55
550,550,55,55
551,551,55,55
427,427,0,0
429,429,0,0
438,438,0,0
572,572,0,0
573,573,55,55
574,574,0,0
440,440,0,0
576,576,55,55
445,445,0,0
446,446,0,0
450,450,0,0
581,581,0,0
582,582,59,59
457,457,0,0
586,586,55,55
460,460,0,0
589,589,58,58
461,461,0,0
592,592,52,52
469,469,0,0
598,598,54,54
599,599,0,0
601,601,0,0
470,470,55,55
473,473,0,0
477,477,54,54
483,483,0,0
609,609,0,0
489,489,0,0
614,614,0,0
615,615,0,0
616,616,0,0
617,617,0,0
493,493,0,0
620,620,0,0
624,624,0,0
625,625,0,0
552,552,55,55
9559,9559,0,0
9187,9187,0,0
14075,14075,0,0
635,635,0,0
636,636,0,0
3675,3675,0,0
2317,2317,0,0
12273,12273,0,0
373,373,0,0
2978,2978,53,53
650,650,0,0
12065,12065,0,0
652,652,0,0
595,595,0,0
494,494,0,0
661,661,58,58
662,662,58,58
663,663,0,0
504,504,0,0
510,510,0,0
669,669,0,0
513,513,0,0
514,514,0,0
674,674,0,0
600,600,0,0
515,515,56,56
517,517,0,0
1044,1044,54,54
520,520,0,0
523,523,0,0
524,524,0,0
529,529,0,0
686,686,0,0
530,530,0,0
688,688,52,52
689,689,52,52
534,534,0,0
535,535,0,0
694,694,0,0
539,539,0,0
696,696,54,54
1044,1044,55,55
540,540,0,0
541,541,0,0
542,542,55,55
622,622,55,55
40731,40731,59,59
701,701,0,0
545,545,0,0
41781,41781,53,53
704,704,56,56
559,559,0,0
706,706,0,0
707,707,0,0
40372,40372,53,53
560,560,0,0
40372,40372,55,55
713,713,0,0
564,564,0,0
565,565,0,0
566,566,0,0
567,567,0,0
570,570,0,0
575,575,58,58
724,724,55,55
725,725,59,59
553,553,54,54
727,727,0,0
729,729,52,52
579,579,59,59
580,580,55,55
584,584,55,55
734,734,0,0
588,588,55,55
749,749,51,51
590,590,0,0
593,593,0,0
756,756,0,0
757,757,0,0
597,597,0,0
760,760,0,0
761,761,0,0
603,603,0,0
605,605,0,0
606,606,0,0
547,547,53,53
607,607,0,0
41511,41511,0,0
1043,1043,54,54
612,612,55,55
774,774,0,0
619,619,0,0
621,621,0,0
40369,40369,0,0
627,627,51,51
630,630,0,0
783,783,52,52
632,632,0,0
1043,1043,55,55
788,788,0,0
40463,40463,0,0
34253,34253,0,0
34029,34029,0,0
792,792,53,53
793,793,53,53
795,795,0,0
797,797,54,54
798,798,54,54
800,800,0,0
802,802,0,0
646,646,0,0
50329,50329,0,0
657,657,0,0
666,666,0,0
813,813,0,0
667,667,52,52
668,668,52,52
816,816,0,0
670,670,52,52
818,818,0,0
819,819,0,0
820,820,52,52
822,822,0,0
951,951,0,0
672,672,0,0
830,830,0,0
683,683,0,0
684,684,0,0
685,685,0,0
837,837,0,0
687,687,0,0
690,690,0,0
692,692,51,51
841,841,0,0
693,693,52,52
843,843,0,0
695,695,0,0
847,847,0,0
848,848,0,0
850,850,0,0
851,851,0,0
852,852,53,53
700,700,0,0
702,702,54,54
859,859,0,0
860,860,53,53
861,861,0,0
703,703,53,53
863,863,0,0
865,865,0,0
710,710,0,0
715,715,0,0
718,718,54,54
873,873,0,0
719,719,0,0
720,720,53,53
876,876,0,0
877,877,0,0
721,721,54,54
879,879,0,0
881,881,0,0
730,730,0,0
883,883,0,0
884,884,0,0
731,731,56,56
886,886,0,0
733,733,0,0
889,889,0,0
747,747,0,0
896,896,0,0
902,902,0,0
754,754,0,0
755,755,0,0
758,758,0,0
908,908,0,0
8999,8999,0,0
909,909,0,0
16494,16494,0,0
3418,3418,0,0
226,226,0,0
3420,3420,0,0
916,916,0,0
917,917,52,52
918,918,0,0
787,787,0,0
922,922,55,55
356,356,0,0
14077,14077,0,0
10794,10794,0,0
8322,8322,0,0
933,933,0,0
765,765,0,0
768,768,0,0
771,771,0,0
939,939,0,0
777,777,0,0
942,942,0,0
778,778,0,0
944,944,55,55
779,779,0,0
947,947,54,54
16488,16488,0,0
780,780,0,0
50242,50242,0,0
784,784,0,0
785,785,0,0
960,960,0,0
786,786,0,0
804,804,53,53
805,805,0,0
810,810,0,0
973,973,0,0
812,812,0,0
814,814,0,0
815,815,0,0
817,817,0,0
825,825,0,0
50362,50362,0,0
986,986,54,54
986,986,55,55
988,988,54,54
988,988,55,55
834,834,54,54
991,991,55,55
835,835,0,0
836,836,53,53
556,556,0,0
996,996,55,55
997,997,55,55
839,839,0,0
563,563,0,0
1002,1002,55,55
849,849,0,0
853,853,0,0
34385,34385,0,0
1006,1006,55,55
1007,1007,0,0
50375,50375,56,56
1012,1012,0,0
1013,1013,52,52
1014,1014,55,55
1017,1017,54,54
866,866,0,0
1020,1020,55,55
1021,1021,54,54
1021,1021,55,55
1022,1022,59,59
868,868,0,0
869,869,0,0
871,871,0,0
1025,1025,55,55
1026,1026,55,55
874,874,0,0
875,875,0,0
55341,55341,52,52
878,878,0,0
1033,1033,55,55
882,882,52,52
31965,31965,52,52
890,890,0,0
899,899,0,0
901,901,0,0
41782,41782,0,0
27066,27066,0,0
907,907,0,0
907,907,54,54
1047,1047,59,59
50275,50275,0,0
50401,50401,0,0
1048,1048,0,0
910,910,0,0
912,912,55,55
912,912,58,58
913,913,55,55
1053,1053,0,0
914,914,55,55
1056,1056,0,0
1057,1057,0,0
35500,35500,0,0
921,921,56,56
924,924,0,0
1065,1065,0,0
56690,56690,54,54
1071,1071,53,53
1072,1072,0,0
1073,1073,0,0
107,107,0,0
1076,1076,0,0
929,929,0,0
934,934,0,0
1083,1083,53,53
1084,1084,56,56
937,937,0,0
1089,1089,0,0
1090,1090,55,55
941,941,0,0
943,943,0,0
946,946,59,59
950,950,0,0
952,952,52,52
958,958,0,0
959,959,54,54
962,962,0,0
963,963,52,52
1101,1101,54,54
1101,1101,55,55
964,964,52,52
965,965,0,0
1106,1106,55,55
1108,1108,59,59
1110,1110,55,55
1110,1110,59,59
1112,1112,55,55
1113,1113,55,55
966,966,51,51
968,968,0,0
969,969,0,0
1120,1120,0,0
970,970,0,0
1122,1122,0,0
1123,1123,55,55
1124,1124,0,0
1126,1126,55,55
1127,1127,55,55
1130,1130,55,55
1130,1130,59,59
1133,1133,54,54
1133,1133,55,55
1135,1135,0,0
974,974,0,0
975,975,0,0
1143,1143,55,55
978,978,0,0
979,979,0,0
980,980,0,0
1152,1152,55,55
1153,1153,55,55
1156,1156,55,55
9079,9079,0,0
196,196,0,0
10799,10799,0,0
14136,14136,0,0
1171,1171,0,0
9848,9848,0,0
982,982,55,55
2020,2020,55,55
983,983,54,54
984,984,55,55
2049,2049,0,0
994,994,0,0
2054,2054,55,55
995,995,55,55
2073,2073,55,55
999,999,54,54
999,999,55,55
1005,1005,0,0
1009,1009,55,55
1016,1016,52,52
1018,1018,58,58
2152,2152,56,56
1023,1023,55,55
2178,2178,55,55
1036,1036,54,54
1036,1036,55,55
2271,2271,0,0
1038,1038,55,55
1039,1039,59,59
2311,2311,52,52
2315,2315,0,0
1042,1042,0,0
2339,2339,55,55
2357,2357,53,53
2359,2359,0,0
2363,2363,0,0
1050,1050,55,55
1055,1055,0,0
2388,2388,53,53
2398,2398,0,0
2423,2423,0,0
1061,1061,0,0
1062,1062,52,52
2438,2438,0,0
2446,2446,55,55
2453,2453,0,0
1064,1064,0,0
2462,2462,55,55
1066,1066,0,0
604,604,0,0
2472,2472,0,0
602,602,0,0
2490,2490,0,0
1079,1079,0,0
2502,2502,0,0
2506,2506,0,0
1080,1080,0,0
34246,34246,0,0
1086,1086,0,0
2540,2540,58,58
1087,1087,56,56
1091,1091,55,55
1092,1092,55,55
2572,2572,55,55
2606,2606,0,0
1093,1093,54,54
2611,2611,0,0
2618,2618,0,0
1093,1093,59,59
2624,2624,0,0
1096,1096,54,54
2657,2657,0,0
2662,2662,0,0
2667,2667,0,0
1096,1096,55,55
1097,1097,55,55
1100,1100,55,55
2682,2682,0,0
2689,2689,0,0
1100,1100,59,59
2716,2716,0,0
2718,2718,0,0
1116,1116,55,55
2723,2723,52,52
2725,2725,0,0
2737,2737,0,0
1137,1137,0,0
1139,1139,55,55
1139,1139,59,59
2747,2747,0,0
2749,2749,0,0
1146,1146,55,55
1146,1146,59,59
1149,1149,52,52
2757,2757,53,53
41785,41785,0,0
1162,1162,59,59
2794,2794,0,0
35849,35849,53,53
2834,2834,0,0
2839,2839,52,52
1164,1164,0,0
33117,33117,0,0
1167,1167,55,55
2885,2885,58,58
2893,2893,52,52
2897,2897,0,0
35892,35892,0,0
2907,2907,52,52
2914,2914,0,0
2916,2916,0,0
2918,2918,0,0
2922,2922,53,53
2924,2924,0,0
2045,2045,0,0
2930,2930,0,0
2047,2047,0,0
2947,2947,0,0
2953,2953,0,0
2087,2087,0,0
2104,2104,57,57
2106,2106,0,0
3040,3040,0,0
2129,2129,0,0
3059,3059,0,0
3066,3066,59,59
2139,2139,55,55
2141,2141,55,55
3077,3077,54,54
2145,2145,0,0
2147,2147,0,0
2183,2183,0,0
2195,2195,0,0
3093,3093,0,0
50137,50137,0,0
2209,2209,52,52
3099,3099,0,0
2218,2218,0,0
3111,3111,0,0
2275,2275,0,0
2281,2281,56,56
3116,3116,0,0
3124,3124,0,0
3126,3126,59,59
2321,2321,0,0
3133,3133,0,0
2331,2331,0,0
3137,3137,0,0
3141,3141,53,53
4005,4005,55,55
867,867,0,0
3160,3160,0,0
3172,3172,0,0
3178,3178,0,0
14278,14278,0,0
8884,8884,0,0
2344,2344,54,54
2361,2361,0,0
3214,3214,55,55
2366,2366,56,56
2384,2384,55,55
2427,2427,0,0
3225,3225,0,0
3255,3255,55,55
3256,3256,0,0
2458,2458,0,0
3259,3259,59,59
3260,3260,0,0
3261,3261,53,53
3262,3262,0,0
3263,3263,55,55
2464,2464,0,0
3275,3275,54,54
3276,3276,0,0
2465,2465,0,0
2470,2470,55,55
3298,3298,0,0
3301,3301,56,56
3302,3302,58,58
2475,2475,0,0
3307,3307,0,0
2526,2526,0,0
2530,2530,0,0
3313,3313,0,0
2543,2543,0,0
2568,2568,52,52
3317,3317,0,0
2568,2568,54,54
3320,3320,58,58
3321,3321,0,0
3323,3323,0,0
3324,3324,0,0
2620,2620,0,0
2627,2627,0,0
2638,2638,52,52
3337,3337,55,55
3338,3338,0,0
2638,2638,58,58
3341,3341,0,0
3342,3342,55,55
2672,2672,0,0
3345,3345,0,0
3346,3346,0,0
2678,2678,0,0
2680,2680,0,0
2694,2694,0,0
2697,2697,0,0
2710,2710,0,0
2720,2720,52,52
3358,3358,0,0
3362,3362,55,55
2729,2729,0,0
3364,3364,58,58
2731,2731,0,0
3369,3369,0,0
2733,2733,0,0
3373,3373,0,0
3375,3375,0,0
3378,3378,0,0
3388,3388,0,0
2739,2739,0,0
3392,3392,52,52
2743,2743,0,0
2751,2751,0,0
2753,2753,0,0
3395,3395,0,0
3396,3396,0,0
3397,3397,0,0
3398,3398,0,0
2755,2755,0,0
2759,2759,0,0
3401,3401,55,55
2783,2783,0,0
3403,3403,0,0
2831,2831,0,0
3412,3412,55,55
3414,3414,0,0
3415,3415,0,0
2848,2848,0,0
2855,2855,0,0
2876,2876,0,0
2887,2887,53,53
3421,3421,55,55
596,596,0,0
3431,3431,0,0
2912,2912,54,54
2926,2926,0,0
2928,2928,55,55
3443,3443,55,55
2937,2937,0,0
2943,2943,0,0
2955,2955,0,0
3454,3454,0,0
3455,3455,0,0
2976,2976,0,0
3006,3006,54,54
3013,3013,0,0
3045,3045,0,0
3057,3057,0,0
3076,3076,0,0
3080,3080,0,0
3469,3469,0,0
3471,3471,0,0
3474,3474,0,0
3476,3476,58,58
3087,3087,0,0
3479,3479,0,0
3088,3088,59,59
3090,3090,55,55
3091,3091,0,0
3094,3094,0,0
3495,3495,0,0
3496,3496,0,0
3498,3498,0,0
3096,3096,55,55
3098,3098,0,0
3503,3503,0,0
3100,3100,0,0
3109,3109,0,0
3110,3110,0,0
3112,3112,0,0
3508,3508,0,0
3113,3113,54,54
3115,3115,0,0
1003,1003,52,52
3128,3128,0,0
41787,41787,0,0
3140,3140,0,0
3148,3148,53,53
3149,3149,0,0
3150,3150,0,0
3163,3163,0,0
3171,3171,0,0
3173,3173,52,52
3182,3182,0,0
3183,3183,52,52
3183,3183,59,59
3532,3532,55,55
3186,3186,0,0
3534,3534,0,0
3205,3205,0,0
3208,3208,0,0
3217,3217,53,53
3218,3218,0,0
3543,3543,53,53
3222,3222,0,0
3224,3224,0,0
3546,3546,0,0
3547,3547,55,55
3257,3257,55,55
3258,3258,55,55
3265,3265,0,0
3551,3551,0,0
3294,3294,0,0
3297,3297,52,52
3305,3305,0,0
3308,3308,0,0
3556,3556,52,52
3308,3308,51,51
3309,3309,0,0
3315,3315,0,0
3316,3316,54,54
3319,3319,0,0
3574,3574,0,0
3322,3322,54,54
3577,3577,0,0
3578,3578,55,55
3326,3326,53,53
3327,3327,0,0
3340,3340,0,0
3584,3584,58,58
33420,33420,0,0
3586,3586,0,0
3348,3348,0,0
3588,3588,0,0
3350,3350,0,0
3595,3595,54,54
50178,50178,0,0
3603,3603,58,58
3355,3355,52,52
3605,3605,0,0
3356,3356,0,0
3357,3357,0,0
3610,3610,0,0
3613,3613,0,0
3614,3614,0,0
3363,3363,0,0
2390,2390,0,0
3621,3621,0,0
3622,3622,0,0
3629,3629,0,0
3630,3630,59,59
27067,27067,52,52
3632,3632,0,0
3637,3637,0,0
12063,12063,0,0
3370,3370,0,0
3390,3390,0,0
3393,3393,54,54
3393,3393,55,55
3649,3649,53,53
3650,3650,0,0
3394,3394,0,0
3400,3400,51,51
3400,3400,59,59
3656,3656,0,0
3660,3660,0,0
3416,3416,0,0
3419,3419,0,0
3430,3430,55,55
3436,3436,55,55
3437,3437,52,52
14137,14137,55,55
3441,3441,0,0
3449,3449,56,56
3681,3681,55,55
3452,3452,0,0
3453,3453,0,0
3456,3456,0,0
3457,3457,0,0
3460,3460,0,0
3461,3461,0,0
3462,3462,0,0
3477,3477,0,0
3485,3485,0,0
3698,3698,54,54
3699,3699,0,0
3486,3486,0,0
3703,3703,52,52
3490,3490,0,0
3493,3493,0,0
3708,3708,58,58
3715,3715,0,0
3499,3499,0,0
3502,3502,55,55
3504,3504,0,0
3724,3724,55,55
3728,3728,0,0
3505,3505,0,0
3506,3506,0,0
3733,3733,55,55
3507,3507,0,0
3509,3509,0,0
3737,3737,59,59
3738,3738,0,0
3511,3511,0,0
3513,3513,0,0
3516,3516,55,55
3742,3742,0,0
3517,3517,0,0
3746,3746,53,53
3518,3518,0,0
3519,3519,52,52
3750,3750,0,0
3519,3519,57,57
3753,3753,0,0
3522,3522,0,0
3525,3525,0,0
3526,3526,0,0
3527,3527,58,58
3528,3528,0,0
3529,3529,0,0
3766,3766,0,0
3767,3767,0,0
34254,34254,0,0
3769,3769,0,0
3533,3533,0,0
3535,3535,0,0
3536,3536,0,0
3537,3537,0,0
3540,3540,0,0
37291,37291,0,0
3544,3544,0,0
34956,34956,0,0
3548,3548,0,0
3793,3793,53,53
3794,3794,0,0
3549,3549,0,0
3550,3550,0,0
3552,3552,0,0
3553,3553,58,58
3554,3554,0,0
3805,3805,0,0
3555,3555,0,0
3811,3811,58,58
3557,3557,0,0
3564,3564,0,0
3565,3565,0,0
3815,3815,56,56
3568,3568,0,0
3817,3817,0,0
3818,3818,0,0
3819,3819,0,0
50164,50164,0,0
3569,3569,0,0
3579,3579,58,58
3581,3581,55,55
3582,3582,58,58
3826,3826,59,59
3583,3583,0,0
3585,3585,55,55
3829,3829,56,56
3587,3587,0,0
3590,3590,53,53
3602,3602,54,54
3604,3604,0,0
3606,3606,53,53
3840,3840,0,0
3841,3841,0,0
3842,3842,0,0
3609,3609,0,0
3844,3844,56,56
3615,3615,0,0
3848,3848,0,0
3849,3849,0,0
3618,3618,0,0
3619,3619,0,0
3855,3855,0,0
3856,3856,56,56
3860,3860,0,0
3861,3861,0,0
3627,3627,0,0
3863,3863,0,0
3631,3631,0,0
3639,3639,0,0
3645,3645,0,0
3645,3645,51,51
3647,3647,0,0
41788,41788,0,0
3653,3653,53,53
3655,3655,0,0
3882,3882,0,0
3657,3657,0,0
3662,3662,0,0
3669,3669,0,0
3887,3887,0,0
3888,3888,0,0
3891,3891,0,0
3670,3670,0,0
3671,3671,0,0
3672,3672,0,0
3673,3673,55,55
3674,3674,0,0
3898,3898,0,0
3676,3676,0,0
3904,3904,55,55
3677,3677,0,0
3678,3678,0,0
3908,3908,55,55
38181,38181,0,0
3687,3687,0,0
3689,3689,51,51
3691,3691,0,0
3692,3692,55,55
3922,3922,0,0
3693,3693,0,0
3695,3695,0,0
3929,3929,0,0
3545,3545,0,0
3696,3696,0,0
3934,3934,0,0
3935,3935,0,0
3700,3700,0,0
3937,3937,0,0
3705,3705,0,0
3942,3942,0,0
3945,3945,0,0
3946,3946,55,55
3719,3719,52,52
3952,3952,0,0
3720,3720,55,55
3722,3722,0,0
3960,3960,0,0
3730,3730,0,0
3732,3732,0,0
3734,3734,56,56
3739,3739,56,56
3740,3740,56,56
3741,3741,55,55
3743,3743,0,0
3751,3751,0,0
3757,3757,0,0
3758,3758,0,0
3975,3975,0,0
3759,3759,53,53
3978,3978,0,0
3979,3979,0,0
3980,3980,0,0
3984,3984,0,0
4082,4082,53,53
4082,4082,55,55
3986,3986,51,51
8139,8139,55,55
35826,35826,51,51
3996,3996,0,0
18033,18033,0,0
16365,16365,56,56
3763,3763,55,55
4001,4001,0,0
4002,4002,0,0
3765,3765,0,0
3768,3768,55,55
3770,3770,55,55
3774,3774,55,55
45100,45100,52,52
4013,4013,0,0
4014,4014,0,0
3786,3786,0,0
4017,4017,54,54
3787,3787,55,55
4020,4020,55,55
3788,3788,56,56
40076,40076,54,54
4026,4026,0,0
3792,3792,0,0
3795,3795,54,54
4030,4030,0,0
3796,3796,0,0
50458,50458,0,0
3803,3803,0,0
3804,3804,0,0
3806,3806,0,0
37855,37855,0,0
40076,40076,55,55
3813,3813,0,0
3814,3814,55,55
3816,3816,0,0
4044,4044,0,0
3821,3821,55,55
3822,3822,59,59
3823,3823,56,56
4054,4054,0,0
3827,3827,0,0
4058,4058,0,0
4059,4059,0,0
4060,4060,0,0
4061,4061,58,58
3828,3828,0,0
4063,4063,0,0
4064,4064,0,0
4066,4066,0,0
3830,3830,0,0
3837,3837,0,0
3838,3838,55,55
3839,3839,0,0
3843,3843,53,53
4075,4075,0,0
4076,4076,0,0
3850,3850,52,52
4078,4078,54,54
3851,3851,53,53
3854,3854,56,56
3862,3862,0,0
3866,3866,0,0
3867,3867,0,0
4084,4084,0,0
4085,4085,0,0
3868,3868,0,0
4087,4087,54,54
3869,3869,52,52
3870,3870,0,0
4094,4094,0,0
4095,4095,0,0
3874,3874,0,0
4260,4260,0,0
4281,4281,52,52
4282,4282,52,52
4283,4283,51,51
4345,4345,0,0
3875,3875,0,0
4375,4375,0,0
3877,3877,0,0
33988,33988,55,55
3883,3883,0,0
3886,3886,0,0
4381,4381,54,54
4382,4382,0,0
4383,4383,0,0
50471,50471,0,0
3892,3892,0,0
3893,3893,0,0
3894,3894,55,55
3896,3896,0,0
4412,4412,0,0
4413,4413,0,0
50414,50414,53,53
4417,4417,0,0
4418,4418,0,0
3900,3900,0,0
4508,4508,57,57
3907,3907,55,55
3913,3913,0,0
3748,3748,52,52
3748,3748,53,53
3914,3914,54,54
3917,3917,0,0
3918,3918,0,0
3919,3919,55,55
3920,3920,0,0
3928,3928,0,0
3933,3933,0,0
3936,3936,0,0
3938,3938,0,0
3948,3948,53,53
3954,3954,0,0
3958,3958,0,0
3961,3961,0,0
3962,3962,0,0
3963,3963,54,54
50191,50191,0,0
3964,3964,0,0
3965,3965,55,55
3967,3967,0,0
3968,3968,0,0
3969,3969,0,0
10498,10498,0,0
3970,3970,54,54
35471,35471,0,0
3974,3974,53,53
3977,3977,0,0
3981,3981,55,55
10573,10573,53,53
4071,4071,0,0
3407,3407,0,0
3983,3983,0,0
3985,3985,53,53
3987,3987,0,0
3990,3990,0,0
870,870,0,0
3994,3994,0,0
3997,3997,53,53
3931,3931,0,0
3999,3999,0,0
4000,4000,0,0
505,505,0,0
4004,4004,0,0
4007,4007,0,0
4016,4016,0,0
4019,4019,0,0
4021,4021,52,52
10865,10865,52,52
956,956,53,53
4029,4029,0,0
4031,4031,52,52
4032,4032,0,0
4033,4033,0,0
50524,50524,55,55
4037,4037,0,0
4039,4039,0,0
4040,4040,0,0
8327,8327,58,58
4041,4041,0,0
171,171,0,0
8328,8328,0,0
8329,8329,0,0
134,134,0,0
8463,8463,0,0
8521,8521,54,54
4050,4050,0,0
4052,4052,0,0
37436,37436,0,0
4053,4053,0,0
4057,4057,0,0
8446,8446,0,0
4068,4068,0,0
4069,4069,0,0
4070,4070,0,0
4072,4072,0,0
4073,4073,0,0
58192,58192,0,0
4077,4077,0,0
4080,4080,0,0
4083,4083,0,0
4086,4086,0,0
4088,4088,55,55
4093,4093,0,0
4096,4096,54,54
4376,4376,54,54
4377,4377,0,0
4378,4378,55,55
4379,4379,0,0
4380,4380,0,0
50207,50207,0,0
12028,12028,0,0
9829,9829,0,0
359,359,56,56
9551,9551,0,0
10574,10574,0,0
8935,8935,0,0
10497,10497,0,0
4396,4396,0,0
3628,3628,0,0
14076,14076,52,52
11395,11395,0,0
23217,23217,56,56
16191,16191,0,0
31686,31686,53,53
14298,14298,55,55
21878,21878,54,54
3423,3423,0,0
31503,31503,0,0
23659,23659,59,59
16516,16516,0,0
24878,24878,0,0
10033,10033,0,0
9076,9076,0,0
8887,8887,0,0
8729,8729,0,0
10664,10664,0,0
4062,4062,0,0
4023,4023,0,0
10733,10733,0,0
4389,4389,0,0
3966,3966,0,0
3927,3927,0,0
3885,3885,0,0
3831,3831,0,0
4034,4034,55,55
3824,3824,0,0
3736,3736,0,0
3530,3530,0,0
3521,3521,0,0
3426,3426,0,0
3402,3402,0,0
3359,3359,54,54
21835,21835,55,55
1051,1051,55,55
85,85,0,0
502,502,0,0
3139,3139,0,0
3328,3328,0,0
3360,3360,0,0
4387,4387,55,55
2608,2608,0,0
2735,2735,0,0
2941,2941,0,0
2909,2909,0,0
2899,2899,0,0
1085,1085,0,0
1069,1069,0,0
1075,1075,0,0
1172,1172,0,0
2350,2350,54,54
2372,2372,55,55
803,803,0,0
763,763,0,0
911,911,0,0
888,888,0,0
925,925,0,0
833,833,0,0
828,828,0,0
673,673,0,0
676,676,0,0
932,932,0,0
782,782,52,52
2370,2370,0,0
766,766,0,0
485,485,0,0
480,480,52,52
508,508,0,0
490,490,0,0
644,644,0,0
562,562,0,0
594,594,0,0
113,113,0,0
618,618,0,0
422,422,0,0
420,420,0,0
419,419,0,0
421,421,0,0
1129,1129,55,55
423,423,0,0
961,961,0,0
463,463,0,0
55666,55666,0,0
453,453,0,0
468,468,0,0
105,105,0,0
278,278,0,0
147,147,0,0
110,110,53,53
273,273,0,0
20,20,0,0
268,268,0,0
24950,24950,56,56
25168,25168,0,0
24982,24982,0,0
926,926,0,0
26228,26228,0,0
26229,26229,0,0
31001,31001,0,0
29357,29357,0,0
13165,13165,0,0
30638,30638,0,0
31163,31163,55,55
33108,33108,0,0
36049,36049,0,0
2355,2355,0,0
35655,35655,0,0
31168,31168,0,0
29524,29524,0,0
27534,27534,0,0
36668,36668,0,0
29252,29252,56,56
29647,29647,0,0
27512,27512,59,59
64,64,0,0
31330,31330,0,0
28332,28332,0,0
28867,28867,0,0
11896,11896,0,0
29943,29943,0,0
31430,31430,0,0
33915,33915,0,0
33971,33971,0,0
34714,34714,56,56
35878,35878,53,53
27104,27104,0,0
33785,33785,0,0
35898,35898,0,0
36335,36335,0,0
29677,29677,0,0
31531,31531,0,0
28689,28689,0,0
31455,31455,0,0
31935,31935,0,0
39765,39765,0,0
2377,2377,0,0
31972,31972,0,0
3879,3879,0,0
2296,2296,53,53
32078,32078,0,0
24756,24756,0,0
32043,32043,0,0
2342,2342,0,0
33112,33112,0,0
2261,2261,54,54
33986,33986,55,55
33545,33545,0,0
32732,32732,0,0
2386,2386,0,0
2522,2522,0,0
31553,31553,0,0
2528,2528,0,0
2323,2323,0,0
2436,2436,0,0
3450,3450,0,0
2500,2500,55,55
1049,1049,52,52
3973,3973,53,53
31329,31329,0,0
1160,1160,54,54
3825,3825,0,0
3654,3654,0,0
3121,3121,0,0
1052,1052,59,59
33579,33579,57,57
31479,31479,58,58
4035,4035,0,0
1074,1074,56,56
1082,1082,55,55
28614,28614,59,59
34269,34269,59,59
26265,26265,56,56
29550,29550,0,0
34359,34359,0,0
1082,1082,59,59
34360,34360,0,0
33147,33147,0,0
29246,29246,0,0
30383,30383,0,0
30735,30735,0,0
1058,1058,0,0
2400,2400,0,0
33120,33120,0,0
1059,1059,0,0
33540,33540,0,0
25966,25966,0,0
31447,31447,0,0
34217,34217,0,0
33418,33418,0,0
1077,1077,0,0
1060,1060,54,54
1163,1163,56,56
2010,2010,51,51
2070,2070,52,52
2070,2070,58,58
1165,1165,0,0
2052,2052,0,0
2108,2108,0,0
1159,1159,0,0
1174,1174,0,0
1168,1168,52,52
2026,2026,0,0
2039,2039,52,52
2174,2174,0,0
2150,2150,0,0
903,903,0,0
905,905,0,0
919,919,0,0
1078,1078,52,52
854,854,0,0
857,857,54,54
846,846,0,0
858,858,0,0
862,862,0,0
864,864,0,0
856,856,0,0
885,885,0,0
2202,2202,0,0
2133,2133,0,0
2143,2143,56,56
887,887,0,0
893,893,0,0
892,892,0,0
2018,2018,0,0
1046,1046,0,0
904,904,0,0
920,920,0,0
949,949,0,0
880,880,0,0
748,748,0,0
806,806,0,0
808,808,52,52
752,752,0,0
838,838,0,0
840,840,52,52
823,823,0,0
790,790,0,0
698,698,0,0
699,699,0,0
928,928,0,0
927,927,0,0
930,930,0,0
936,936,0,0
945,945,56,56
1004,1004,52,52
654,654,0,0
796,796,0,0
809,809,0,0
832,832,0,0
826,826,0,0
827,827,0,0
4158,4158,0,0
8325,8325,0,0
4081,4081,56,56
4051,4051,52,52
4047,4047,0,0
4027,4027,0,0
4038,4038,0,0
4364,4364,0,0
4049,4049,0,0
3906,3906,0,0
3876,3876,0,0
3791,3791,55,55
3897,3897,0,0
3789,3789,0,0
3790,3790,0,0
3752,3752,0,0
3686,3686,55,55
3648,3648,0,0
3576,3576,0,0
3531,3531,0,0
651,651,0,0
645,645,0,0
642,642,0,0
842,842,56,56
643,643,0,0
39766,39766,0,0
682,682,54,54
940,940,0,0
711,711,0,0
705,705,53,53
626,626,0,0
753,753,0,0
923,923,0,0
829,829,0,0
824,824,0,0
775,775,0,0
791,791,0,0
773,773,0,0
772,772,0,0
767,767,0,0
811,811,0,0
801,801,0,0
762,762,52,52
709,709,0,0
717,717,0,0
714,714,0,0
931,931,0,0
681,681,0,0
935,935,0,0
648,648,0,0
653,653,0,0
3073,3073,0,0
3512,3512,0,0
3372,3372,0,0
3134,3134,0,0
3343,3343,0,0
3138,3138,56,56
3264,3264,0,0
3055,3055,0,0
2309,2309,0,0
2012,2012,0,0
1173,1173,56,56
855,855,0,0
844,844,0,0
759,759,0,0
789,789,0,0
697,697,0,0
655,655,0,0
679,679,0,0
675,675,0,0
3351,3351,0,0
677,677,0,0
3422,3422,0,0
557,557,0,0
3084,3084,0,0
1045,1045,54,54
1045,1045,55,55
915,915,0,0
3802,3802,0,0
47947,47947,0,0
45988,45988,54,54
37861,37861,0,0
8029,8029,0,0
49370,49370,0,0
30436,30436,0,0
104,104,0,0
81834,81834,0,0
46346,46346,55,55
46383,46383,54,54
3624,3624,59,59
49543,49543,0,0
3820,3820,54,54
608,608,0,0
3684,3684,0,0
49741,49741,0,0
49754,49754,0,0
33702,33702,0,0
36840,36840,59,59
50490,50490,53,53
807,807,52,52
49081,49081,59,59
4415,4415,0,0
89131,89131,54,54
85152,85152,54,54
82311,82311,0,0
25821,25821,0,0
49776,49776,0,0
94737,94737,0,0
95406,95406,0,0
476,476,0,0
50092,50092,0,0
98092,98092,0,0
50130,50130,59,59
351,351,0,0
98697,98697,0,0
46312,46312,0,0
46419,46419,0,0
100013,100013,0,0
50121,50121,53,53
100621,100621,56,56
49876,49876,0,0
49107,49107,55,55
100653,100653,0,0
100634,100634,0,0
49724,49724,54,54
532,532,54,54
506,506,54,54
1144,1144,0,0
451,451,0,0
101262,101262,0,0
464,464,54,54
486,486,59,59
484,484,0,0
491,491,54,54
497,497,0,0
495,495,0,0
1150,1150,55,55
1151,1151,55,55
528,528,54,54
466,466,0,0
465,465,0,0
1142,1142,55,55
1138,1138,55,55
472,472,0,0
439,439,0,0
311,311,0,0
430,430,0,0
432,432,53,53
433,433,0,0
437,437,54,54
418,418,0,0
434,434,0,0
435,435,53,53
1134,1134,0,0
1131,1131,55,55
50088,50088,0,0
49306,49306,0,0
49307,49307,0,0
101975,101975,0,0
49629,49629,0,0
972,972,0,0
4374,4374,55,55
971,971,0,0
3367,3367,0,0
1119,1119,55,55
49143,49143,59,59
10575,10575,0,0
3834,3834,53,53
90877,90877,54,54
1037,1037,55,55
992,992,54,54
993,993,0,0
50189,50189,0,0
4386,4386,0,0
4,4,0,0
989,989,55,55
985,985,55,55
998,998,58,58
1008,1008,55,55
366,366,0,0
50236,50236,0,0
376,376,0,0
1121,1121,55,55
4373,4373,55,55
384,384,0,0
384,384,54,54
50128,50128,0,0
46284,46284,0,0
48216,48216,0,0
46945,46945,0,0
1107,1107,55,55
1111,1111,54,54
1099,1099,0,0
352,352,0,0
49082,49082,59,59
47459,47459,56,56
44238,44238,0,0
46937,46937,0,0
49862,49862,0,0
50011,50011,0,0
49942,49942,0,0
46285,46285,0,0
50244,50244,0,0
184,184,0,0
116,116,0,0
253,253,52,52
1010,1010,0,0
1030,1030,0,0
1024,1024,54,54
1024,1024,55,55
133,133,0,0
1032,1032,54,54
50126,50126,0,0
50065,50065,0,0
118,118,0,0
577,577,0,0
50003,50003,0,0
49014,49014,0,0
74,74,0,0
49681,49681,0,0
957,957,0,0
568,568,0,0
1041,1041,0,0
583,583,54,54
583,583,56,56
329,329,0,0
585,585,54,54
571,571,0,0
587,587,59,59
81,81,0,0
254,254,0,0
1095,1095,54,54
1095,1095,55,55
280,280,0,0
1114,1114,54,54
1114,1114,59,59
50204,50204,0,0
50163,50163,0,0
50258,50258,0,0
48545,48545,0,0
49050,49050,0,0
49317,49317,0,0
50235,50235,0,0
49755,49755,0,0
49914,49914,0,0
49783,49783,0,0
50199,50199,54,54
9088,9088,0,0
63,63,0,0
50265,50265,0,0
50278,50278,0,0
50263,50263,55,55
411,411,0,0
122,122,56,56
394,394,0,0
401,401,0,0
403,403,0,0
392,392,52,52
1103,1103,55,55
145,145,0,0
1104,1104,54,54
1104,1104,55,55
189,189,0,0
235,235,0,0
255,255,0,0
4384,4384,0,0
1117,1117,54,54
50282,50282,0,0
31495,31495,0,0
31554,31554,0,0
48186,48186,0,0
50262,50262,0,0
33233,33233,0,0
31236,31236,0,0
34446,34446,0,0
50274,50274,0,0
33234,33234,0,0
2889,2889,0,0
2939,2939,0,0
50276,50276,55,55
405,405,0,0
613,613,0,0
50302,50302,0,0
50134,50134,0,0
1029,1029,52,52
1029,1029,58,58
2508,2508,0,0
50371,50371,51,51
50390,50390,55,55
49944,49944,0,0
50091,50091,0,0
50403,50403,55,55
50493,50493,56,56
211,211,0,0
2199,2199,52,52
50451,50451,0,0
50208,50208,0,0
50563,50563,0,0
781,781,0,0
12066,12066,0,0
45,45,0,0
50085,50085,0,0
49020,49020,0,0
51199,51199,0,0
49855,49855,0,0
53753,53753,0,0
3812,3812,0,0
90872,90872,54,54
102399,102399,0,0
83975,83975,0,0
85151,85151,0,0
101139,101139,0,0
89491,89491,59,59
89488,89488,0,0
88774,88774,54,54
103994,103994,0,0
104527,104527,0,0
76310,76310,0,0
103382,103382,0,0
96794,96794,0,0
96792,96792,56,56
104507,104507,0,0
100004,100004,0,0
93033,93033,0,0
100627,100627,0,0
99173,99173,0,0
104425,104425,0,0
103753,103753,0,0
98091,98091,0,0
98333,98333,0,0
101770,101770,0,0
104790,104790,0,0
101137,101137,52,52
93513,93513,0,0
95158,95158,55,55
95407,95407,0,0
96796,96796,55,55
104792,104792,0,0
100617,100617,51,51
100623,100623,0,0
101630,101630,0,0
101979,101979,0,0
103381,103381,0,0
104426,104426,0,0
103383,103383,0,0
104244,104244,0,0
104435,104435,55,55
3909,3909,0,0
726,726,0,0
59957,59957,0,0
106035,106035,0,0
101259,101259,0,0
25215,25215,52,52
107563,107563,0,0
101633,101633,52,52
109050,109050,0,0
109045,109045,0,0
112643,112643,0,0
639,639,0,0
112952,112952,52,52
112952,112952,55,55
114449,114449,0,0
634,634,0,0
114454,114454,56,56
114466,114466,55,55
981,981,55,55
112651,112651,52,52
112651,112651,55,55
112651,112651,59,59
114518,114518,0,0
104934,104934,0,0
109400,109400,0,0
109402,109402,0,0
104941,104941,52,52
106939,106939,0,0
112238,112238,0,0
108564,108564,0,0
112621,112621,0,0
112369,112369,0,0
112376,112376,0,0
114455,114455,59,59
40,40,0,0
107564,107564,0,0
108559,108559,0,0
104692,104692,55,55
107726,107726,0,0
114567,114567,51,51
106427,106427,0,0
112642,112642,0,0
90875,90875,54,54
106428,106428,0,0
114563,114563,0,0
114536,114536,0,0
114456,114456,0,0
114584,114584,0,0
114587,114587,0,0
3131,3131,55,55
